#,Date,for github,new_split,Status,Location,Modified_name,Sync,C2L,L2L,File_name,paper_name,paper_rename_junghokim,paper_rename_deploy,paper_location,label_required,deepen_labeled,selected_for_rebuttal,done,Selected,data_id,cut_id,zip_id,additional_anno,selected_camready,deepen 작업중,2D,3D,not labeling 3d box,extrinsic_check,train_val_test_scene_v2,train_val_test_scene_v3,train_val_test_junghokim,train_val_test,train 3D,val 3D,test 3D,original,Offset Crosscheck,Start(Sec),End(Sec),1675742443,Cutted(sec),upload,Duration,Frames,# of scene,Object_count,hello,데이터 삭제 처리,2.Upload check,3.Topic Missing Check,4.local error,LiDAR calib error,Object_count,Worker,postfix,extrinsic_id,time,,#,#
,230410,,,,3way,230410_3way_,,,,outdoor_1_2023-04-10-13-26-10_sync_odom,,,,,,,,,,,,,,,,,,,,,,,,,,,,-2_-2_-1_-1_-1,1681100775,1681101286,정선,,,511,2555,25,9,22500,,,,,,9,준용,,,,,,
05-21(08:54) 47번 C2L 확인 필요 ,230410,,,,3way,230410_3way_1,,,,outdoor_1_2023-04-10-13-26-10_sync_odom,,,,,,,,,,,1,1,,,,,,,,,,,,,,,,-2_-2_-1_-1_-1,1681100775,1681100795,정선,20,,20,100,1,9,900,,,,,,a,준용,,1,,,,
,230410,,,,3way,230410_3way_2,,,,outdoor_1_2023-04-10-13-26-10_sync_odom,,,,,,,,,,,2,2,,,,,,,,,,,,,,,,-2_-2_-1_-1_-1,1681100795,1681100815,정선,20,,20,100,1,9,900,,,,,,9,준용,,1,,,,
"46(1-), 47(1) 안맞음",230410,,train,P18,3way,230410_3way_3,,,o,outdoor_1_2023-04-10-13-26-10_sync_odom,Three_way_Intersection_1,Three_way_Intersection_1,Three_way_Intersection_1,Three_way_Intersection,,o,o,o,o,1,3,3,,o,done,3220,1844,1844,,train,train,train,train,1844,0,0,,-2_-2_-1_-1_-1,1681100815,1681100835,정선,20,,20,100,1,9,900,,,,,,9,준용,,1,,,,
,230410,,,,3way,230410_3way_4,,,,outdoor_1_2023-04-10-13-26-10_sync_odom,,,,,,,,,,,4,4,,,,,,,,,,,,,,,,-2_-2_-1_-1_-1,1681100835,1681100855,정선,20,,20,100,1,9,900,,,,,,9,준용,,1,,,,
,230410,,,,3way,230410_3way_5,,,,outdoor_1_2023-04-10-13-26-10_sync_odom,,,,,,,,,,,5,5,,,,,,,,,,,,,,,,-2_-2_-1_-1_-1,1681100855,1681100875,정선,20,,20,100,1,9,900,,,,,,9,준용,,1,,,,
,230410,,train,P2,3way,230410_3way_6,,,o,outdoor_1_2023-04-10-13-26-10_sync_odom,Three_way_Intersection_2,Three_way_Intersection_2,Three_way_Intersection_2,Three_way_Intersection,,o,o,o,o,2,6,6,,o,ing,5849,3033,3033,,train,train,train,train,3033,0,0,,-2_-2_-1_-1_-1,1681100875,1681100895,정선,20,,20,100,1,9,900,,,,,,9,준용,,1,,,,
,230410,,,,3way,230410_3way_7,,,,outdoor_1_2023-04-10-13-26-10_sync_odom,,,,,,,,,,,7,7,,,,,,,,,,,,,,,,-2_-2_-1_-1_-1,1681100895,1681100915,정선,20,,20,100,1,9,900,,,,,,9,준용,,1,,,,
,230410,,,,3way,230410_3way_8,,,,outdoor_1_2023-04-10-13-26-10_sync_odom,,,,,,,,,,,8,8,,,,,,,,,,,,,,,,-2_-2_-1_-1_-1,1681100915,1681100935,정선,20,,20,100,1,9,900,,,,,,9,준용,,1,,,,
1681100935,230410,,,,3way,230410_3way_9,,,,outdoor_1_2023-04-10-13-26-10_sync_odom,,,,,,,,,,,9,9,,,,,,,,,,,,,,,,-2_-2_-1_-1_0,1681100935,1681100955,정선,20,,20,100,1,9,900,,,,,,9,준용,,1,,,,
,230410,,,,3way,230410_3way_10,,,,outdoor_1_2023-04-10-13-26-10_sync_odom,,,,,,,,,,,10,10,,,,,,,,,,,,,,,,-2_-2_-1_-1_0,1681100955,1681100975,정선,20,,20,100,1,9,900,,,,,,9,준용,,1,,,,
,230410,,,,3way,230410_3way_11,,,,outdoor_1_2023-04-10-13-26-10_sync_odom,,,,,,,,,,,11,11,,,,,,,,,,,,,,,,-2_-2_-1_-1_0,1681100975,1681100995,정선,20,,20,100,1,9,900,,,,,,9,준용,,1,,,,
,230410,,,,3way,230410_3way_12,,,,outdoor_1_2023-04-10-13-26-10_sync_odom,,,,,,,,,,,12,12,,,,,,,,,,,,,,,,-2_-2_-1_-1_0,1681100995,1681101015,정선,20,,20,100,1,9,900,,,,,,9,준용,,1,,,,
,230410,,,,3way,230410_3way_13,,,,outdoor_1_2023-04-10-13-26-10_sync_odom,,Three_way_Intersection_3,Three_way_Intersection_3,Three_way_Intersection,,,,o,o,3,13,13,o,,o,,,,정선,,,,,,,,,-2_-2_-1_-1_0,1681101015,1681101035,정선,20,,20,100,1,9,900,,,,,,9,준용,,1,,,,
,230410,,,,3way,230410_3way_14,,,,outdoor_1_2023-04-10-13-26-10_sync_odom,,Three_way_Intersection_4,Three_way_Intersection_4,Three_way_Intersection,,,,o,o,4,14,14,o,,o,,,,정선,,,,,,,,,-2_-2_-1_-1_0,1681101035,1681101055,정선,20,,20,100,1,9,900,,,,,,9,준용,,1,,,,
,230410,,,,3way,230410_3way_15,,,,outdoor_1_2023-04-10-13-26-10_sync_odom,,,,,,,,,,,15,15,,,,,,,,,,,,,,,,-2_-2_-1_-1_0,1681101055,1681101075,정선,20,,20,100,1,9,900,,,,,,9,준용,,1,,,,
,230410,,train,P4,3way,230410_3way_16,,,o,outdoor_1_2023-04-10-13-26-10_sync_odom,Three_way_Intersection_3,Three_way_Intersection_5,Three_way_Intersection_5,Three_way_Intersection,,o,o,cu,o,5,16,16,,o,ing,5673,3908,3908,,train,train,val,val,0,3908,0,,-2_-2_-1_-1_0,1681101075,1681101095,정선,20,,20,100,1,9,900,,,,,,9,준용,,1,,,,
,230410,,,,3way,230410_3way_17,,,,outdoor_1_2023-04-10-13-26-10_sync_odom,,,,,,,,,,,17,17,,,,,,,,,,,,,,,,-2_-2_-1_-1_0,1681101095,1681101115,정선,20,,20,100,1,9,900,,,,,,9,준용,,1,,,,
,230410,,,,3way,230410_3way_18,,,,outdoor_1_2023-04-10-13-26-10_sync_odom,,,,,,,,,,,18,18,,,,,,,,,,,,,,,,-2_-2_-1_-1_0,1681101115,1681101135,정선,20,,20,100,1,9,900,,,,,,9,준용,,1,,,,
,230410,,,,3way,230410_3way_19,,,,outdoor_1_2023-04-10-13-26-10_sync_odom,,Three_way_Intersection_6,Three_way_Intersection_6,Three_way_Intersection,,,,re,o,6,19,19,o,,o,,,,정선,,,,,,,,,-2_-2_-1_-1_0,1681101135,1681101155,정선,20,,20,100,1,9,900,,,,,,9,준용,,1,,,,
,230410,,,,3way,230410_3way_20,,,,outdoor_1_2023-04-10-13-26-10_sync_odom,,,,,,,,,,,20,20,,,,,,,,,,,,,,,,-2_-2_-1_-1_0,1681101155,1681101175,정선,20,,20,100,1,9,900,,,,,,9,준용,,1,,,,
,230410,,,,3way,230410_3way_21,,,,outdoor_1_2023-04-10-13-26-10_sync_odom,,,,,,,,,,,21,21,,,,,,,,,,,,,,,,-2_-2_-1_-1_0,1681101175,1681101195,정선,20,,20,100,1,9,900,,,,,,9,준용,,1,,,,
,230410,o,val,CR,3way,230410_3way_22,,,o,outdoor_1_2023-04-10-13-26-10_sync_odom,Three_way_Intersection_4,Three_way_Intersection_7,Three_way_Intersection_7,Three_way_Intersection,,,o,re,o,7,22,22,,o,ing,4560,2272,2272,,val,train,test,test,0,0,2272,,-2_-2_-1_-1_0,1681101195,1681101215,정선,20,준용,20,100,1, ,#VALUE!,,JH,JH,JH,,9,준용,,1,,,,
,230410,,,,3way,230410_3way_23,,,,outdoor_1_2023-04-10-13-26-10_sync_odom,,,,,,,,,,,23,23,,,,,,,,,,,,,,,,-2_-2_-1_-1_0,1681101215,1681101235,정선,20,,20,100,1,9,900,,,,,,9,준용,,1,,,,
,230410,,,,3way,230410_3way_24,,,,outdoor_1_2023-04-10-13-26-10_sync_odom,,,,,,,,,,,24,24,,,,,,,,,,,,,,,,-2_-2_-1_-1_0,1681101235,1681101255,정선,20,,20,100,1,9,900,,,,,,9,준용,,1,,,,
,230410,,test,P15,3way,230410_3way_25,,,o,outdoor_1_2023-04-10-13-26-10_sync_odom,Three_way_Intersection_5,Three_way_Intersection_8,Three_way_Intersection_8,Three_way_Intersection,,o,o,o,o,8,25,25,,o,done,4644,1997,1997,,test,train,train,train,1997,0,0,,-2_-2_-1_-1_0,1681101255,1681101275,정선,20,,20,100,1,9,900,,,,,,9,준용,,1,,,,
,230410,,,,3way,230410_3way_,,,,outdoor_1_2023-04-10-13-38-35_sync_odom,,,,,,,,,,,,,,,,,,,,,,,,,,,,-2_-1_-1_-2_-1,1681101518,1681101636,정선,,,118,590,5,20,10000,,,,,,20,준용,,changed,,,,
,230410,,,,3way,230410_3way_26,,,,outdoor_1_2023-04-10-13-38-35_sync_odom,,,,,,,,,,,1,26,,,,,,,,,,,,,,,,-2_-1_-1_-2_-1,1681101518,1681101538,정선,20,,20,100,1,20,2000,,,,,,20,준용,,2,,,,
이전 ex와 같은지 확인 필요,230410,,,,3way,230410_3way_27,,,,outdoor_1_2023-04-10-13-38-35_sync_odom,,,,,,,,,,,2,27,,,,,,,,,,,,,,,,-2_-1_-1_-2_-1,1681101538,1681101558,정선,20,준용,20,100,1,20,2000,x,JH,JH,JH,,20,준용,,2,,,,
,230410,,,,3way,230410_3way_28,,,,outdoor_1_2023-04-10-13-38-35_sync_odom,,,,,,,,,,,3,28,,,,,,,,,,,,,,,,-2_-1_-1_-2_-1,1681101558,1681101578,정선,20,,20,100,1,20,2000,,,,,,20,준용,,2,,,,
,230410,,,,3way,230410_3way_29,,,,outdoor_1_2023-04-10-13-38-35_sync_odom,,,,,,,,,,,4,29,,,,,,,,,,,,,,,,-2_-1_-1_-2_-1,1681101578,1681101598,정선,20,준용,20,100,1,20,2000,x,JH,JH,JH,,20,준용,,2,,,,
,230410,,,,3way,230410_3way_30,,,,outdoor_1_2023-04-10-13-38-35_sync_odom,,,,,,,,,,,5,30,,,,,,,,,,,,,,,,-2_-1_-1_-2_-1,1681101598,1681101618,정선,20,준용,20,100,1,20,2000,x,JH,JH,JH,,20,준용,,2,,,,
,230410,,,,3way,230410_3way_31,,,,outdoor_1_2023-04-10-13-38-35_sync_odom,,,,,,,,,,,6,31,,,,,,,,,,,,,,,,-2_-1_-1_-2_-1,1681101618,1681101636,정선,18,,18,90,0,20,0,,,,,,20,준용,,2,,,,
,230410,,,,3way,230410_3way_,,,,outdoor_1_2023-04-10-13-43-51_sync_odom,,,,,,,,,,,,,,,,,,,,,,,,,,,,-2_-1_-1_-2_0,1681101837,1681101973,정선,,,136,680,6,12,7200,x,,,,,12,준용,,changed,,,,
,230410,,,,3way,230410_3way_32,,,,outdoor_1_2023-04-10-13-43-51_sync_odom,,,,,,,,,,,1,32,,,,,,,,,,,,,,,,-2_-1_-1_-2_0,1681101837,1681101857,정선,20,준용,20,100,1,12,1200,x,JH,JH,JH,,12,준용,,3,,,,
,230410,,,,3way,230410_3way_33,,,,outdoor_1_2023-04-10-13-43-51_sync_odom,,,,,,,,,,,2,33,,,,,,,,,,,,,,,,-2_-1_-1_-2_0,1681101857,1681101877,정선,20,준용,20,100,1,12,1200,x,JH,JH,JH,,12,준용,,3,,,,
,230410,,,,3way,230410_3way_34,,,,outdoor_1_2023-04-10-13-43-51_sync_odom,,,,,,,,,,,3,34,,,,,,,,,,,,,,,,-2_-1_-1_-2_0,1681101877,1681101897,정선,20,준용->cw,20,100,1,12,1200,,JH,JH,JH,,12,준용,,3,,,,
,230410,,,,3way,230410_3way_35,,,,outdoor_1_2023-04-10-13-43-51_sync_odom,,,,,,,,,,,4,35,,,,,,,,,,,,,,,,-2_-1_-1_-2_0,1681101897,1681101917,정선,20,준용->cw,20,100,1,12,1200,x,JH,JH,JH,,12,준용,,3,,,,
,230410,,,,3way,230410_3way_36,,,,outdoor_1_2023-04-10-13-43-51_sync_odom,,,,,,,,,,,5,36,,,,,,,,,,,,,,,,-2_-1_-1_-2_0,1681101917,1681101937,정선,20,준용->cw,20,100,1,12,1200,x,JH,JH,JH,,12,준용,,3,,,,
,230410,,,,3way,230410_3way_37,,,,outdoor_1_2023-04-10-13-43-51_sync_odom,,,,,,,,,,,6,37,,,,,,,,,,,,,,,,-2_-1_-1_-2_0,1681101937,1681101957,정선,20,준용->cw,20,100,1,12,1200,x,JH,JH,JH,,12,준용,,3,,,,
,230410,,,,3way,230410_3way_38,,,,outdoor_1_2023-04-10-13-43-51_sync_odom,,,,,,,,,,,7,38,,,,,,,,,,,,,,,,-2_-1_-1_-2_0,1681101957,1681101973,정선,16,,16,80,0,12,0,,,,,,12,준용,,3,,,,
,230410,,,,3way,230410_3way_,,,,outdoor_1_2023-04-10-13-49-28_sync_odom,,,,,,,,,,,,,,,,,,,,,,,,,,,,-2_-2_-2_-1_-1,1681102176,1681102327,정선,,,151,755,7,18,12600,,,,,,18,준용,,changed,,,,
,230410,,,,3way,230410_3way_39,,,,outdoor_1_2023-04-10-13-49-28_sync_odom,,,,,,,,,,,1,39,,,,,,,,,,,,,,,,-2_-2_-2_-1_-1,1681102176,1681102196,정선,20,준용->cw,20,100,1,18,1800,x,JH,JH,JH,,18,준용,,4,,,,
,230410,,,,3way,230410_3way_40,,,,outdoor_1_2023-04-10-13-49-28_sync_odom,,,,,,,,,,,2,40,,,,,,,,,,,,,,,,-2_-2_-2_-1_-1,1681102196,1681102216,정선,20,준용->cw,20,100,1,18,1800,x,JH,JH,JH,,18,준용,,4,,,,
,230410,,,,3way,230410_3way_41,,,,outdoor_1_2023-04-10-13-49-28_sync_odom,,,,,,,,,,,3,41,,,,,,,,,,,,,,,,-2_-2_-2_-1_-1,1681102216,1681102236,정선,20,준용->cw,20,100,1,18,1800,x,JH,JH,JH,,18,준용,,4,,,,
,230410,,,,3way,230410_3way_42,,,,outdoor_1_2023-04-10-13-49-28_sync_odom,,,,,,,,,,,4,42,,,,,,,,,,,,,,,,-2_-2_-2_-1_-1,1681102236,1681102256,정선,20,준용->cw,20,100,1,18,1800,x,JH,JH,JH,,18,준용,,4,,,,
,230410,,,,3way,230410_3way_43,,,,outdoor_1_2023-04-10-13-49-28_sync_odom,,,,,,,,,,,5,43,,,,,,,,,,,,,,,,-2_-2_-2_-1_-1,1681102256,1681102276,정선,20,,20,100,1,18,1800,,,,,,18,준용,,4,,,,
,230410,,,,3way,230410_3way_44,,,,outdoor_1_2023-04-10-13-49-28_sync_odom,,,,,,,,,,,6,44,,,,,,,,,,,,,,,,-2_-2_-2_-1_-1,1681102276,1681102296,정선,20,준용->cw,20,100,1,18,1800,x,JH,JH,JH,,18,준용,,4,,,,
,230410,,,,3way,230410_3way_45,,,,outdoor_1_2023-04-10-13-49-28_sync_odom,,,,,,,,,,,7,45,,,,,,,,,,,,,,,,-2_-2_-2_-1_-1,1681102296,1681102316,정선,20,,20,100,1,18,1800,,,,,,18,준용,,4,,,,
,,,,,3way,_3way_,,,,,,,,,,,,,8,,,,,,8,23946,13054,13054,,,,,,,,,,,,,,,,,,,,,,,,,,,,,,,,,
,230410,,,,exit2,230410_exit2_,,,,outdoor_1_2023-04-10-14-25-57_sync_odom,,,,,,,,,,,,,,,,,,,,,,,,,,,-2_-1_-2_-1_-2,-2_-1_-2_0_-2,1681104369,1681104524,정선,,,155,775,7,10,7000,,,,,,10,준용,,,,,,
,230410,,train,P11,exit2,230410_exit2_1,,,o,outdoor_1_2023-04-10-14-25-57_sync_odom,Subway_Entrance_1,Subway_Entrance_1,,,,,,,,,1,1,,o,ing,8177,4311,4311,,,,val,val,0,4311,0,,-2_-1_-2_0_-2,1681104369,1681104389,정선,20,준용->cw,20,100,1,10,1000,x,JH,JH,JH,,10,준용,,5,,,,
,230410,,train,P1,exit2,230410_exit2_2,,,o,outdoor_1_2023-04-10-14-25-57_sync_odom,Subway_Entrance_2,Subway_Entrance_2,Subway_Entrance_1,Subway_Entrance,,o,o,o,o,1,2,2,,o,ing,6368,2151,2151,,train,train,test,test,0,0,2151,,-2_-1_-2_0_-2,1681104389,1681104409,정선,20,,20,100,1,10,1000,,,,,,10,준용,,5,,,,
,230410,,,,exit2,230410_exit2_3,,,,outdoor_1_2023-04-10-14-25-57_sync_odom,,,,,,,,,,,3,3,,,,,,,,,,,,,,,,-2_-1_-2_0_-2,1681104409,1681104429,정선,20,준용->cw,20,100,1,10,1000,x,JH,JH,JH,,10,준용,,5,,,,
,230410,,val,P3,exit2,230410_exit2_4,,,o,outdoor_1_2023-04-10-14-25-57_sync_odom,Subway_Entrance_3,Subway_Entrance_3,Subway_Entrance_2,Subway_Entrance,,o,o,cu,o,2,4,4,,o,ing,12813,5582,5582,,train,train,train,train,5582,0,0,,-2_-1_-2_0_-2,1681104429,1681104449,정선,20,준용->cw,20,100,1,10,1000,x,JH,JH,JH,,10,준용,,5,,,,
,230410,,,,exit2,230410_exit2_5,,,,outdoor_1_2023-04-10-14-25-57_sync_odom,,,,,,,,,,,5,5,,,,,,,,,,,,,,,,-2_-1_-2_0_-2,1681104449,1681104469,정선,20,준용->cw,20,100,1,10,1000,,JH,JH,JH,,10,준용,,5,,,,
,230410,,test,P0,exit2,230410_exit2_6,,,o,outdoor_1_2023-04-10-14-25-57_sync_odom,Subway_Entrance_4,Subway_Entrance_5,Subway_Entrance_3,Subway_Entrance,,o,o,o,o,3,6,6,,o,ing,5636,3855,3855,,val,train,test,test,0,0,3855,,-2_-1_-2_0_-2,1681104469,1681104489,정선,20,준용->cw,20,100,1,10,1000,x,JH,JH,JH,,10,준용,,5,,,,
,230410,,train,P17,exit2,230410_exit2_7,,,o,outdoor_1_2023-04-10-14-25-57_sync_odom,Subway_Entrance_5,Subway_Entrance_6,Subway_Entrance_4,Subway_Entrance,,o,o,o,o,4,7,7,,o,ing,2721,2183,2183,,test,train,train,train,2183,0,0,,-2_-1_-2_0_-2,1681104489,1681104509,정선,20,준용->cw,20,100,1,10,1000,x,JH,JH,JH,,10,준용,,5,,,,
,230410,,,,exit2,230410_exit2_8,,,,outdoor_1_2023-04-10-14-25-57_sync_odom,,,,,,,,,,,8,8,,,,,,,,,,,,,,,,-2_-1_-2_0_-2,1681104509,1681104524,정선,15,준용->cw,15,75,0,10,0,,JH,JH,JH,,10,준용,,5,,,,
,230410,,,,exit2,230410_exit2_,,,,outdoor_1_2023-04-10-14-29-18_sync_odom,,,,,,,,,,,,,,,,,,,,,,,,,,,,-2_-1_-2_-2_-1,1681104564,1681104653,정선,,,89,445,4,8,3200,,,,,,8,준용,,,,,,
,230410,,,,exit2,230410_exit2_9,,,,outdoor_1_2023-04-10-14-29-18_sync_odom,,,,,,,,,,,1,9,,,,,,,,,,,,,,,,-2_-1_-2_-2_-1,1681104564,1681104584,정선,20,,20,100,1,8,800,,,,,,8,,,6,,,,
,230410,,,,exit2,230410_exit2_10,,,,outdoor_1_2023-04-10-14-29-18_sync_odom,,,,,,,,,,,2,10,,,,,,,,,,,,,,,,-2_-1_-2_-2_-1,1681104584,1681104604,정선,20,준용->cw,20,100,1,8,800,x,JH,JH,JH,,8,,,6,,,,
,230410,,,,exit2,230410_exit2_11,,,,outdoor_1_2023-04-10-14-29-18_sync_odom,,,,,,,,,,,3,11,,,,,,,,,,,,,,,,-2_-1_-2_-2_-1,1681104604,1681104624,정선,20,준용->cw,20,100,1,8,800,x,JH,JH,JH,,8,,,6,,,,
,230410,,,,exit2,230410_exit2_12,,,,outdoor_1_2023-04-10-14-29-18_sync_odom,,,,,,,,,,,4,12,,,,,,,,,,,,,,,,-2_-1_-2_-2_-1,1681104624,1681104644,정선,20,준용->cw,20,100,1,8,800,x,JH,JH,JH,,8,,,6,,,,
,230410,,,,exit2,230410_exit2_,,,,outdoor_1_2023-04-10-14-31-09_sync_odom,,,,,,,,,,,,,,,,,,,,,,,,,,,,-2_-1_-2_-2_-2,1681104675,1681104745,정선,,,70,350,3,18,5400,,,,,,18,준용,,,,,,
,230410,,,,exit2,230410_exit2_13,,,,outdoor_1_2023-04-10-14-31-09_sync_odom,,,,,,,,,,,1,13,,,,,,,,,,,,,,,,-2_-1_-2_-2_-2,1681104675,1681104695,정선,20,준용,20,100,1,18,1800,,JH,JH,JH,,18,준용,,7,,,,
,230410,,,,exit2,230410_exit2_14,,,,outdoor_1_2023-04-10-14-31-09_sync_odom,,,,,,,,,,,2,14,,,,,,,,,,,,,,,,-2_-1_-2_-2_-2,1681104695,1681104715,정선,20,준용,20,100,1,18,1800,x,JH,JH,JH,,18,준용,,7,,,,
,230410,,,,exit2,230410_exit2_15,,,,outdoor_1_2023-04-10-14-31-09_sync_odom,,,,,,,,,,,3,15,,,,,,,,,,,,,,,,-2_-1_-2_-2_-2,1681104715,1681104735,정선,20,준용,20,100,1,18,1800,x,JH,JH,JH,,18,준용,,7,,,,
,,,,,exit2,_exit2_,,,,,,,,,,,,,4,,,,,,5,,18082,18082,,,,,,,,,,,,,,,,,,,,,,,,,,,,,,,,,
,230412,,,,hanyang_plz,230412_hanyang_plz_,,,,indoor_1_2023-04-12-17-15-20_sync_odom,,,,,,,,,,,,,,,,,,,,,,,,,,,,-2_-2_-2_-2_-2,1681287332,1681287486,정선,,,154,770,7,20,14000,,,,,,20,정호,,,,,,
,230412,,,,hanyang_plz,230412_hanyang_plz_,,,,indoor_1_2023-04-12-17-18-24_sync_odom,,,,,,,,,,,,,,,,,,,,,,,,,,,,-2_-2_-1_-1_-2,1681287511,1681287629,정선,,,118,590,5,25,12500,,,,,,25,정호,,,,,,
,230412,,train,P5,hanyang_plz,230412_hanyang_plz_1,o,o,o,indoor_1_2023-04-12-17-18-24_sync_odom,Cafeteria_1,Cafeteria_1,Cafeteria_1,Cafeteria,o,,o,o,o,1,1,1,,o,ing,5506,4530,4530,,train,train,train,train,4530,0,0,-1_-1_-1_-1_-2,-2_-2_-1_-1_-2,1681287511,1681287531,정선,20,준용,20,100,1,25,2500,,JH,JH,JH,,25,정호,,8,,,,
,230412,,,,hanyang_plz,230412_hanyang_plz_2,,,,indoor_1_2023-04-12-17-18-24_sync_odom,,,,,,,,,,,2,2,,,,,,,,,,,,,,,,-2_-2_-1_-1_-2,1681287531,1681287551,정선,20,,20,100,1,25,2500,,,,,,25,,,8,,,,
,230412,,,,hanyang_plz,230412_hanyang_plz_3,,,,indoor_1_2023-04-12-17-18-24_sync_odom,,,,,,,,,,,3,3,,,,,,,,,,,,,,,,-2_-2_-1_-1_-2,1681287551,1681287571,정선,20,,20,100,1,25,2500,,,,,,25,,,8,,,,
,230412,,train,P10,hanyang_plz,230412_hanyang_plz_4,o,o,o,indoor_1_2023-04-12-17-18-24_sync_odom,Cafeteria_2,Cafeteria_2,Cafeteria_2,Cafeteria,o,,o,cu,o,2,4,4,,o,ing,6167,5196,5196,,train,train,train,train,5196,0,0,,-2_-2_-1_-1_-2,1681287571,1681287591,정선,20,준용->cw,20,100,1,25,2500,,JH,JH,JH,,25,,,8,,,,
,230412,,,,hanyang_plz,230412_hanyang_plz_5,,,,indoor_1_2023-04-12-17-18-24_sync_odom,,,,,,,,,,,5,5,,,,,,,,,,,,,,,,-2_-2_-1_-1_-2,1681287591,1681287611,정선,20,준용,20,100,1,25,2500,-,JH,JH,JH,,25,,,8,,,,
,230412,,,P7,hanyang_plz,230412_hanyang_plz_6,,,,indoor_1_2023-04-12-17-18-24_sync_odom,,,,,,,,,,,6,6,,,,0,0,,,,,,,,,,,-2_-2_-1_-1_-2,1681287611,1681287629,정선,18,준용->cw,18,90,0,25,0,,JH,JH,JH,,25,,,8,,,,
,230412,,,,hanyang_plz,230412_hanyang_plz_,,,,indoor_1_2023-04-12-17-21-16_sync_odom,,,,,,,,,,,,,,,,,,,,,,,,,,,,-2_-2_-1_-1_-1,1681287682,1681287837,정선,,,155,775,7,25,17500,,,,,,25,정호,,,,,,
,230412,,,,hanyang_plz,230412_hanyang_plz_7,,,,indoor_1_2023-04-12-17-21-16_sync_odom,,,,,,,,,,,1,7,,,,,,,,,,,,,,,,-2_-2_-1_-1_-1,1681287682,1681287702,정선,20,,20,100,1,25,2500,,,,,,25,정호,,8,,,,
,230412,,train,P13,hanyang_plz,230412_hanyang_plz_8,o,o,o,indoor_1_2023-04-12-17-21-16_sync_odom,Cafeteria_3,Cafeteria_3,Cafeteria_3,Cafeteria,o,,o,o,o,3,2,8,o,,o,0,0,0,찬혁,,,,val,0,0,0,,-2_-2_-1_-1_-1,1681287702,1681287722,정선,20,준용,20,100,1,25,2500,,JH,JH,JH,,25,정호,,8,,,,
,230412,,,,hanyang_plz,230412_hanyang_plz_9,,,,indoor_1_2023-04-12-17-21-16_sync_odom,,,,,,,,,,,3,9,,,,,,,,,,,,,,,,-2_-2_-1_-1_-1,1681287722,1681287742,정선,20,준용,20,100,1,25,2500,-,JH,JH,JH,,25,정호,,8,,,,
,230412,,val,P16,hanyang_plz,230412_hanyang_plz_10,o,o,o,indoor_1_2023-04-12-17-21-16_sync_odom,Cafeteria_4,Cafeteria_4,Cafeteria_4,Cafeteria,o,,o,cu,o,4,4,10,o,,o,0,0,0,찬혁,,,,test,0,0,0,,-2_-2_-1_-1_-1,1681287742,1681287762,정선,20,준용,20,100,1,25,2500,,JH,JH,JH,,25,정호,,8,,,,
,230412,,test,P14,hanyang_plz,230412_hanyang_plz_11,o,o,o,indoor_1_2023-04-12-17-21-16_sync_odom,Cafeteria_5,Cafeteria_5,Cafeteria_5,Cafeteria,o,,,o,o,5,5,11,o,,o,0,0,0,찬혁,,,,train,0,0,0,,-2_-2_-1_-1_-1,1681287762,1681287782,정선,20,준용,20,100,1,25,2500,,JH,JH,JH,,25,정호,,8,,,,
,230412,,,,hanyang_plz,230412_hanyang_plz_12,,,,indoor_1_2023-04-12-17-21-16_sync_odom,,,,,,,,,,,6,12,,,,,,,,,,,,,,,,-2_-2_-1_-1_-1,1681287782,1681287802,정선,20,준용,20,100,1,25,2500,-,JH,JH,JH,,25,정호,,8,,,,
,230412,,train,P12,hanyang_plz,230412_hanyang_plz_13,o,o,o,indoor_1_2023-04-12-17-21-16_sync_odom,Cafeteria_6,Cafeteria_6,Cafeteria_6,Cafeteria,o,,,cu,o,6,7,13,o,,o,0,0,0,찬혁,,,,train,0,0,0,,-2_-2_-1_-1_-1,1681287802,1681287822,정선,20,준용,20,100,1,25,2500,,JH,JH,JH,,25,정호,,8,,,,
,230412,,,,hanyang_plz,230412_hanyang_plz_14,,,,indoor_1_2023-04-12-17-21-16_sync_odom,,,,,,,,,,,8,14,,,,,,,,,,,,,,,,-2_-2_-1_-1_-1,1681287822,1681287837,정선,15,,15,75,0,25,0,,,,,,25,정호,,8,,,,
,230412,,,,hanyang_plz,230412_hanyang_plz_,,,,indoor_1_2023-04-12-17-24-19_sync_odom,,,,,,,,,,,,,,,,,,,,,,,,,,,,-2_-1_-1_-1_-2,1681287865,1681287998,정선,,,133,665,6,16,9600,,,,,,16,정호,,,,,,
,230412,,,,hanyang_plz,230412_hanyang_plz_15,,,,indoor_1_2023-04-12-17-24-19_sync_odom,,,,,,,,,,,1,15,,,,,,,,,,,,,,,,-2_-1_-1_-1_-2,1681287865,1681287885,정선,20,,20,100,1,16,1600,,,,,,16,정호,,8,,,,
,230412,,,,hanyang_plz,230412_hanyang_plz_16,,,,indoor_1_2023-04-12-17-24-19_sync_odom,,,,,,,,,,,2,16,,,,,,,,,,,,,,,,-2_-1_-1_-1_-2,1681287885,1681287905,정선,20,준용->cw,20,100,1,16,1600,x,JH,JH,JH,,16,정호,,8,,,,
,230412,,,,hanyang_plz,230412_hanyang_plz_17,,,,indoor_1_2023-04-12-17-24-19_sync_odom,,,,,,,,,,,3,17,,,,,,,,,,,,,,,,-2_-1_-1_-1_-2,1681287905,1681287925,정선,20,준용,20,100,1,16,1600,x,JH,JH,JH,,16,정호,,8,,,,
,230412,,,,hanyang_plz,230412_hanyang_plz_18,,,,indoor_1_2023-04-12-17-24-19_sync_odom,,,,,,,,,,,4,18,,,,,,,,,,,,,,,,-2_-1_-1_-1_-2,1681287925,1681287945,정선,20,준용,20,100,1,16,1600,x,JH,JH,JH,,16,정호,,8,,,,
,230412,,,,hanyang_plz,230412_hanyang_plz_19,,,,indoor_1_2023-04-12-17-24-19_sync_odom,,,,,,,,,,,5,19,,,,,,,,,,,,,,,,-2_-1_-1_-1_-2,1681287945,1681287965,정선,20,준용,20,100,1,16,1600,x,JH,JH,JH,,16,정호,,8,,,,
,230412,,,,hanyang_plz,230412_hanyang_plz_20,,,,indoor_1_2023-04-12-17-24-19_sync_odom,,,,,,,,,,,6,20,,,,,,,,,,,,,,,,-2_-1_-1_-1_-2,1681287965,1681287985,정선,20,준용->cw,20,100,1,16,1600,x,JH,JH,JH,,16,정호,,8,,,,
,230412,,,,hanyang_plz,230412_hanyang_plz_21,,,,indoor_1_2023-04-12-17-24-19_sync_odom,,,,,,,,,,,7,21,,,,,,,,,,,,,,,,-2_-1_-1_-1_-2,1681287985,1681287998,정선,13,,13,65,0,16,0,,,,,,16,정호,,8,,,,
,230412,,,,hanyang_plz,230412_hanyang_plz_,,,,indoor_1_2023-04-12-17-26-57_sync_odom,,,,,,,,,,,,,,,,,,,,,,,,,,,, ,1681288024,1681288105,정선,,,81,405,4,15,6000,,,,,,15,정호,,,,,,
,,,,,hanyang_plz,_hanyang_plz_,,,,,,,,,,,,,6,,,,,,6,,9726,9726,,,,,,,,,,,,,,,,,,,,,,,,,,,,,,,,,
,230412,,,,international,230412_international_,,,,indoor_1_2023-04-12-17-32-46_sync_odom_sync,,,,,,,,,,,,,,,,,,,,,,,,,,,,-2_-2_-3_-2_-3,1681288374,1681288522,정선,,,148,740,7,6,4200,,,,,,6,종욱,,,,,,
,230412,o,train,RR,international,230412_international_1,,,,indoor_1_2023-04-12-17-32-46_sync_odom_sync,Corridor_1,Corridor_1,Corridor_1,Corridor,,o,o,o,o,1,1,1,,o,done,1856,1175,1175,,train,train,train,train,1175,0,0,,-2_-2_-3_-2_-3,1681288374,1681288394,정선,20,정선->cw,20,100,1,6,600,x,JH,JH,JH,,6,종욱,,9,,,,
,230412,,,,international,230412_international_2,,,,indoor_1_2023-04-12-17-32-46_sync_odom_sync,,,,,,,,,,,2,2,,,,,,,,,,,,,,,,-2_-2_-3_-2_-3,1681288394,1681288414,정선,20,,20,100,1,6,600,,,,,,6,종욱,,9,,,,
,230412,,,삭제됨,international,230412_international_3,,,,indoor_1_2023-04-12-17-32-46_sync_odom_sync,,,,,,,,,,,3,3,,,,0,0,,,,,,,,,,,-2_-2_-3_-2_-3,1681288414,1681288434,정선,20,정선->cw,20,100,1,6,600,x,JH,JH,JH,,6,종욱,,9,,,,
,230412,,test,CR,international,230412_international_4,,,,indoor_1_2023-04-12-17-32-46_sync_odom_sync,Corridor_4,Corridor_4,Corridor_4,Corridor,,o,o,o,o,4,4,4,,o,ing,1479,1149,1149,,train,train,test,test,0,0,1149,,-2_-2_-3_-2_-3,1681288434,1681288454,정선,20,정선->cw,20,100,1,6,600,,JH,JH,JH,,6,종욱,,9,,,,
,230412,,train,CR,international,230412_international_5,,,,indoor_1_2023-04-12-17-32-46_sync_odom_sync,Corridor_2,Corridor_2,Corridor_2,Corridor,,o,o,o,o,2,5,5,,o,done,1314,865,865,,train,train,val,val,0,865,0,,-2_-2_-3_-2_-3,1681288454,1681288474,정선,20,cw,20,100,1,6,600,,JH,JH,JH,,6,종욱,,9,,,,
,230412,,val,CR,international,230412_international_6,,,,indoor_1_2023-04-12-17-32-46_sync_odom_sync,Corridor_3,Corridor_3,Corridor_3,Corridor,,o,o,o,o,3,6,6,,o,done,705,553,553,,train,train,train,train,553,0,0,,-2_-2_-3_-2_-3,1681288474,1681288494,정선,20,cw,20,100,1,6,600,,JH,JH,JH,,6,종욱,,9,,,,
,230412,,train,CR,international,230412_international_7,,,,indoor_1_2023-04-12-17-32-46_sync_odom_sync,Corridor_5,Corridor_5,Corridor_5,Corridor,,o,o,o,o,5,7,7,,o,done,769,426,426,,train,train,train,train,426,0,0,,-2_-2_-3_-2_-3,1681288494,1681288514,정선,20,cw,20,100,1,6,600,,JH,JH,JH,,6,종욱,,9,,,,
,230412,,,,international,230412_international_,,,,indoor_1_2023-04-12-17-43-12_sync_odom_sync,,,,,,,,,,,,,,,,,,,,,,,,,,,,-2_-3_-1_-2_-2,1681289012,1681289181,정선,,,169,845,8,4,3200,,,,,,4,종욱,,,,,,
,230412,,train,CR,international,230412_international_8,,,,indoor_1_2023-04-12-17-43-12_sync_odom_sync,Corridor_6,Corridor_6,Corridor_6,Corridor,,o,o,o,o,6,1,8,,o,done,989,556,556,,val,train,test,test,0,0,556,,-2_-3_-1_-2_-2,1681289012,1681289032,정선,20,cw,20,100,1,4,400,,JH,JH,JH,,4,종욱,,9,,,,
,230412,,,삭제됨,international,230412_international_9,,,,indoor_1_2023-04-12-17-43-12_sync_odom_sync,,,,,,,,,,,2,9,,,,0,0,,,,,,,,,,,-2_-3_-1_-2_-2,1681289032,1681289052,정선,20,cw,20,100,1,4,400,x,JH,JH,JH,,4,종욱,,9,,,,
,230412,,test,CR,international,230412_international_10,,,,indoor_1_2023-04-12-17-43-12_sync_odom_sync,Corridor_7,Corridor_7,Corridor_7,Corridor,,o,o,o,o,7,3,10,,o,done,667,505,505,,val,train,val,val,0,505,0,,-2_-3_-1_-2_-2,1681289052,1681289072,정선,20,cw,20,100,1,4,400,,JH,JH,JH,,4,종욱,,9,,,,
,230412,,,,international,230412_international_11,,,,indoor_1_2023-04-12-17-43-12_sync_odom_sync,,,,,,,,,,,4,11,,,,,,,,,,,,,,,,-2_-3_-1_-2_-2,1681289072,1681289092,정선,20,,20,100,1,4,400,,,,,,4,종욱,,,,,,
,230412,,,삭제됨,international,230412_international_12,,,,indoor_1_2023-04-12-17-43-12_sync_odom_sync,,,,,,,,,,,5,12,,,,0,0,,,,,,,,,,,-2_-3_-1_-2_-2,1681289092,1681289112,정선,20,cw,20,100,1,4,400,x,JH,JH,JH,,4,종욱,,9,,,,
,230412,,,,international,230412_international_13,,,,indoor_1_2023-04-12-17-43-12_sync_odom_sync,,,,,,,,,,,6,13,,,,,,,,,,,,,,,,-2_-3_-1_-2_-2,1681289112,1681289132,정선,20,,20,100,1,4,400,,,,,,4,종욱,,9,,,,
,230412,,val,CR,international,230412_international_14,,,,indoor_1_2023-04-12-17-43-12_sync_odom_sync,Corridor_8,Corridor_8,Corridor_8,Corridor,,o,o,o,o,8,7,14,,o,done,1351,878,878,,val,train,train,train,878,0,0,,-2_-3_-1_-2_-2,1681289132,1681289152,정선,20,cw,20,100,1,4,400,,JH,JH,JH,,4,종욱,,9,,,,
,230412,,train,CR,international,230412_international_15,,,,indoor_1_2023-04-12-17-43-12_sync_odom_sync,Corridor_9,Corridor_9,Corridor_9,Corridor,,o,o,o,o,9,8,15,,o,done,516,487,487,,test,train,train,train,487,0,0,,-2_-3_-1_-2_-2,1681289152,1681289172,정선,20,cw,20,100,1,4,400,,JH,JH,JH,,4,종욱,,9,,,,
,230412,,,,international,230412_international_,,,,indoor_1_2023-04-12-17-49-15_sync_odom_sync,,,,,,,,,,,,,,,,,,,,,,,,,,,,-3_-3_-1_-1_-3,1681289359,1681289500,정선,,,141,705,7,17,11900,,,,,,17,종욱,,,,,,
,230412,,,,international,230412_international_16,,,,indoor_1_2023-04-12-17-49-15_sync_odom_sync,,,,,,,,,,,1,16,,,,,,,,,,,,,,,,-3_-3_-1_-1_-3,1681289194,1681289214,정선,20,,20,100,1,17,1700,,,,,,17,종욱,,9,,,,
,230412,,train,CR,international,230412_international_17,,,,indoor_1_2023-04-12-17-49-15_sync_odom_sync,Corridor_10,Corridor_10,Corridor_10,Corridor,,o,o,o,o,10,2,17,,o,done,4047,2415,2415,,test,train,train,train,2415,0,0,,-3_-3_-1_-1_-3,1681289214,1681289234,정선,20,cw,20,100,1,17,1700,,JH,JH,JH,,17,종욱,,9,,,,
zip 파일 에러로 업로드 실패(확인 필요),230412,,train,CR,international,230412_international_18,,,,indoor_1_2023-04-12-17-49-15_sync_odom_sync,Corridor_11,Corridor_11,Corridor_11,Corridor,,o,o,o,o,11,3,18,,o,done,3753,2318,2318,,test,train,train,train,2318,0,0,,-3_-3_-1_-1_-3,1681289234,1681289254,정선,20,cw,20,100,1,17,1700,,JH,JH,JH,,17,종욱,,9,,,,
,230412,,,DPN작업중,international,230412_international_19,,,,indoor_1_2023-04-12-17-49-15_sync_odom_sync,,,,,,,,,,,4,19,,,labeling,735,2157,,,,,,,,,,,-3_-3_-1_-1_-3,1681289254,1681289274,정선,20,cw,20,100,1,17,1700,x,JH,JH,JH,,17,종욱,,9,,,,
,230412,,,삭제됨,international,230412_international_20,,,,indoor_1_2023-04-12-17-49-15_sync_odom_sync,,,,,,,,,,,5,20,,,,0,0,,,,,,,,,,,-3_-3_-1_-1_-3,1681289274,1681289294,정선,20,cw,20,100,1,17,1700,x,JH,JH,JH,,17,종욱,,9,,,,
,230412,,,,international,230412_international_21,,,,indoor_1_2023-04-12-17-49-15_sync_odom_sync,,,,,,,,,,,6,21,,,,,,,,,,,,,,,,-3_-3_-1_-1_-3,1681289294,1681289309,정선,15,,15,75,0,17,0,,,,,,17,종욱,,9,,,,
,,,,,international,_international_,,,,,,,,,,,,,11,,,,,,12,,13484,11327,,,,,,,,,,,,,,,,,,,,,,,,,,,,,,,,,
,230413,,,,ftc,230413_ftc_,,,,indoor_1_2023-04-13-13-25-19_sync_odom_sync,,,,,,,,,,,,,,,,,,,,,,,,,,,,-2_-2_-2_-1_-1,1681359925,1681360102,정선,,,177,885,8,7,5600,,,,,,7,종욱,,,,,,
,230413,,,,ftc,230413_ftc_1,,,,indoor_1_2023-04-13-13-25-19_sync_odom_sync,,,,,,,,,,,1,1,,,,,,,,,,,,,,,,-2_-2_-2_-1_-1,1681359925,1681359945,정선,20,,20,100,1,7,700,,,,,,7,종욱,,10,,,,
,230413,,,삭제됨,ftc,230413_ftc_2,,,,indoor_1_2023-04-13-13-25-19_sync_odom_sync,,Hallway_1,Hallway_1,Hallway,o,,33,cu,o,1,2,2,o,,o,0,0,,찬혁,,,,,,,,,-2_-2_-2_-1_-1,1681359945,1681359965,정선,20,찬혁,20,100,1,7,700,,JH,JH,JH,,7,종욱,,10,,,,
,230413,,,삭제됨,ftc,230413_ftc_3,,,,indoor_1_2023-04-13-13-25-19_sync_odom_sync,,Hallway_2,Hallway_2,Hallway,o,,,o,o,2,3,3,,,ing,2476,1992,1992,,,,,,,,,,-2_-2_-2_-1_-1,1681359965,1681359985,정선,20,,20,100,1,7,700,,JH,JH,JH,,7,종욱,,10,,,,
,230413,,,,ftc,230413_ftc_4,,,,indoor_1_2023-04-13-13-25-19_sync_odom_sync,,,,,,,,,,,4,4,,,,,,,,,,,,,,,,-2_-2_-2_-1_-1,1681359985,1681360005,정선,20,,20,100,1,7,700,,,,,,7,종욱,,10,,,,
,230413,,train,Lab,ftc,230413_ftc_5,,,,indoor_1_2023-04-13-13-25-19_sync_odom_sync,Hallway_1,Hallway_3,,,o,,o,,,,5,5,,,labeling,1272,1023,,,,,,train,1023,0,0,,-2_-2_-2_-1_-1,1681360005,1681360025,정선,20,,20,100,1,7,700,,JH,JH,JH,,7,종욱,,10,,,,
,230413,,,,ftc,230413_ftc_6,,,,indoor_1_2023-04-13-13-25-19_sync_odom_sync,,,,,,,,,,,6,6,,,,,,,,,,,,,,,,-2_-2_-2_-1_-1,1681360025,1681360045,정선,20,,20,100,1,7,700,,,,,,7,종욱,,10,,,,
,230413,,train,Lab,ftc,230413_ftc_7,,,,indoor_1_2023-04-13-13-25-19_sync_odom_sync,Hallway_2,Hallway_4,Hallway_3,Hallway,o,,o,o,o,3,7,7,,o,done,1842,1571,1571,,val,val,val,val,0,1571,0,,-2_-2_-2_-1_-1,1681360045,1681360065,정선,20,찬혁,20,100,1,7,700,,JH,JH,JH,,7,종욱,,10,,,,
,230413,,,삭제됨,ftc,230413_ftc_8,,,,indoor_1_2023-04-13-13-25-19_sync_odom_sync,,Hallway_5,Hallway_4,Hallway,,,,o,o,4,8,8,o,,o,0,0,,찬혁,,,,,,,,,-2_-2_-2_-1_-1,1681360065,1681360085,정선,20,찬혁,20,100,1,7,700,,JH,JH,JH,,7,종욱,,10,,,,
,230413,,,,ftc,230413_ftc_9,,,,indoor_1_2023-04-13-13-25-19_sync_odom_sync,,,,,,,,,,,9,9,,,,,,,,,,,,,,,,-2_-2_-2_-1_-1,1681360085,1681360102,정선,17,,17,85,0,7,0,,,,,,7,종욱,,10,,,,
,230413,,,,ftc,230413_ftc_,,,,indoor_1_2023-04-13-13-38-35_sync_odom_sync,,,,,,,,,,,,,,,,,,,,,,,,,,,,-2_-2_-2_-1_-2,1681360722,1681360862,정선,,,140,700,7,7,4900,,,,,,7,종욱,,,,,,
,230413,,,,ftc,230413_ftc_10,,,,indoor_1_2023-04-13-13-38-35_sync_odom_sync,,,,,,,,,,,1,10,,,,,,,,,,,,,,,,-2_-2_-2_-1_-2,1681360722,1681360742,정선,20,,20,100,1,7,700,,,,,,7,종욱,,10,,,,
,230413,,,,ftc,230413_ftc_11,,,,indoor_1_2023-04-13-13-38-35_sync_odom_sync,,,,,o,,,,,,2,11,,,,,,,,,,,,,,,,-2_-2_-2_-1_-2,1681360742,1681360762,정선,20,,20,100,1,7,700,,,,,,7,종욱,,10,,,,
,230413,,val,RR,ftc,230413_ftc_13,,,,indoor_1_2023-04-13-13-38-35_sync_odom_sync,Hallway_3,Hallway_6,Hallway_5,Hallway,,o,o,o,o,5,3,13,,o,ing,2001,1338,1338,,val,val,test,test,0,0,1338,,-2_-2_-2_-1_-2,1681360762,1681360782,정선,20,찬혁,20,100,1,7,700,,JH,JH,JH,,7,종욱,,10,,,,
,230413,,,삭제됨,ftc,230413_ftc_12,,,,indoor_1_2023-04-13-13-38-35_sync_odom_sync,,,,,,,,,,,4,12,,,,,,,,,,,,,,,,-2_-2_-2_-1_-2,1681360782,1681360802,정선,20,정선,20,100,1,7,700,,JH,JH,JH,,7,종욱,,10,,,,
,230413,,train,CR,ftc,230413_ftc_14,,,,indoor_1_2023-04-13-13-38-35_sync_odom_sync,Hallway_4,Hallway_7,Hallway_6,Hallway,,o,o,o,o,6,5,14,,o,done,1246,893,893,,test,val,train,train,893,0,0,,-2_-2_-2_-1_-2,1681360802,1681360822,정선,20,정선,20,100,1,7,700,,JH,JH,JH,,7,종욱,,10,,,,
,230413,,,삭제됨,ftc,230413_ftc_15,,,,indoor_1_2023-04-13-13-38-35_sync_odom_sync,,Hallway_8,Hallway_7,Hallway,,,,o,o,7,6,15,o,,o,0,0,,찬혁,,,,,,,,,-2_-2_-2_-1_-2,1681360822,1681360842,정선,20,정선,20,100,1,7,700,,JH,JH,JH,,7,종욱,,10,,,,
,230413,,,,ftc,230413_ftc_16,,,,indoor_1_2023-04-13-13-38-35_sync_odom_sync,,,,,o,,,,,,7,16,,,,,,,,,,,,,,,,-2_-2_-2_-1_-2,1681360842,1681360862,정선,20,,20,100,1,7,700,,,,,,7,종욱,,10,,,,
,230413,,,,ftc,230413_ftc_,,,,indoor_1_2023-04-13-13-41-29_sync_odom_sync,,,,,,,,,,,,,,,,,,,,,,,,,,,,0_0_0_1_0,1681360921,1681361141,정선,,,220,1100,11,8,8800,,,,,,8,종욱,,,,,,
,230413,,,,ftc,230413_ftc_17,,,,indoor_1_2023-04-13-13-41-29_sync_odom_sync,,,,,,,,,,,1,17,,,,,,,,,,,,,,,,0_0_0_1_0,1681360921,1681360941,정선,20,,20,100,1,13,1300,,,,,,13,종욱,,10,,,,
,230413,,train,Lab,ftc,230413_ftc_18,,,,indoor_1_2023-04-13-13-41-29_sync_odom_sync,Hallway_5,Hallway_9,Hallway_8,Hallway,o,,,o,o,8,2,18,,o,done,2179,1948,1948,,train,val,train,train,1948,0,0,,0_0_0_1_0,1681360941,1681360961,정선,20,정선,20,100,1,13,1300,,JH,JH,JH,,13,종욱,,10,,,,
,230413,,,,ftc,230413_ftc_19,,,,indoor_1_2023-04-13-13-41-29_sync_odom_sync,,,,,,,,,,,3,19,,,,,,,,,,,,,,,,0_0_0_1_0,1681360961,1681360981,정선,20,,20,100,1,13,1300,,,,,,13,종욱,,10,,,,
,230413,,,삭제됨,ftc,230413_ftc_20,,,,indoor_1_2023-04-13-13-41-29_sync_odom_sync,,Hallway_10,Hallway_9,Hallway,,,,o,o,9,4,20,o,,o,0,0,,찬혁,,,,,,,,,0_0_0_1_0,1681360981,1681361001,정선,20,정선,20,100,1,13,1300,,JH,JH,JH,,13,종욱,,10,,,,
,230413,,,삭제됨,ftc,230413_ftc_21,,,,indoor_1_2023-04-13-13-41-29_sync_odom_sync,,Hallway_11,Hallway_10,Hallway,o,,o,o,o,10,5,21,o,,o,0,0,,찬혁,,,,,,,,,0_0_0_1_0,1681361001,1681361021,정선,20,정선,20,100,1,13,1300,,JH,JH,JH,,13,종욱,,10,,,,
,230413,,,,ftc,230413_ftc_22,,,,indoor_1_2023-04-13-13-41-29_sync_odom_sync,,,,,,,,,,,6,22,,,,,,,,,,,,,,,,0_0_0_1_0,1681361021,1681361041,정선,20,,20,100,1,13,1300,,,,,,13,종욱,,10,,,,
,230413,o,test,RR,ftc,230413_ftc_23,,,,indoor_1_2023-04-13-13-41-29_sync_odom_sync,Hallway_6,Hallway_12,Hallway_11,Hallway,,o,o,o,o,11,7,23,,o,ing,1806,1447,1447,,train,val,train,train,1447,0,0,,0_0_0_1_0,1681361041,1681361061,정선,20,,20,100,1,13,1300,,JH,JH,JH,,13,종욱,,10,,,,
,230413,,,,ftc,230413_ftc_24,,,,indoor_1_2023-04-13-13-41-29_sync_odom_sync,,,,,,,,,,,8,24,,,,,,,,,,,,,,,,0_0_0_1_0,1681361061,1681361081,정선,20,,20,100,1,13,1300,,,,,,13,종욱,,10,,,,
,230413,,,삭제됨,ftc,230413_ftc_25,,,,indoor_1_2023-04-13-13-41-29_sync_odom_sync,,Hallway_13,Hallway_12,Hallway,o,,,o,o,12,9,25,o,,o,0,0,,찬혁,,,,,,,,,0_0_0_1_0,1681361081,1681361101,정선,20,정선,20,100,1,13,1300,,JH,JH,JH,,13,종욱,,10,,,,
,230413,,,삭제됨,ftc,230413_ftc_26,,,,indoor_1_2023-04-13-13-41-29_sync_odom_sync,,,,,,,,,,,10,26,,,,0,0,,,,,,,,,,,0_0_0_1_0,1681361101,1681361121,정선,20,정선,20,100,1,13,1300,,JH,JH,JH,,13,종욱,,10,,,,
,230413,,,삭제됨,ftc,230413_ftc_27,,,,indoor_1_2023-04-13-13-41-29_sync_odom_sync,,,,,,,,,,,11,27,,,,0,0,,,,,,,,,,,0_0_0_1_0,1681361121,1681361141,정선,20,,20,100,1,13,1300,,JH,JH,JH,,13,종욱,,10,,,,
,,,,,ftc,_ftc_,,,,,,,,,,,,,12,,,,,,13,,10212,9189,,,,,,,,,,,,,,,,,,,,,,,,,,,,,,,,,
,230413,,,,hangwonpark,230413_hangwonpark_,,,,outdoor_1_2023-04-13-12-28-14_sync_odom_sync,,,,,,,,,,,,,,,,,,,,,,,,,,,,-2_-2_-2_-2_-2,1681356505,1681356702,정선,,,197,985,9,8,7200,,,,,,8,종욱,,,,,,
,230413,,,,hangwonpark,230413_hangwonpark_1,,,,outdoor_1_2023-04-13-12-28-14_sync_odom_sync,,,,,,,,,,,1,1,,,,,,,,,,,,,,,,-2_-2_-2_-2_-2,1681356505,1681356525,정선,20,,20,100,1,8,800,,,,,,8,종욱,,11,,,,
,230413,o,train,CR,hangwonpark,230413_hangwonpark_2,,,,outdoor_1_2023-04-13-12-28-14_sync_odom_sync,Courtyard_1,Courtyard_1,Courtyard_1,Courtyard,,o,o,o,o,1,2,2,,o,ing,1373,1103,1103,,val,val,train,train,1103,0,0,,-2_-2_-2_-2_-2,1681356525,1681356545,정선,20,찬혁,20,100,1,8,800,,JH,JH,JH,,8,종욱,,11,,,,
,230413,,,,hangwonpark,230413_hangwonpark_3,,,,outdoor_1_2023-04-13-12-28-14_sync_odom_sync,,,,,,,,,,,3,3,,,,,,,,,,,,,,,,-2_-2_-2_-2_-2,1681356545,1681356565,정선,20,,20,100,1,8,800,,,,,,8,종욱,,11,,,,
,230413,,val,Lab,hangwonpark,230413_hangwonpark_4,,,,outdoor_1_2023-04-13-12-28-14_sync_odom_sync,Courtyard_2,Courtyard_2,Courtyard_2,Courtyard,,o,o,o,o,2,4,4,,o,done,1548,998,998,,val,val,train,train,998,0,0,,-2_-2_-2_-2_-2,1681356565,1681356585,정선,20,찬혁,20,100,1,8,800,,JH,JH,JH,,8,종욱,,11,,,,
,230413,,,,hangwonpark,230413_hangwonpark_5,,,,outdoor_1_2023-04-13-12-28-14_sync_odom_sync,,,,,,,,,,,5,5,,,,,,,,,,,,,,,,-2_-2_-2_-2_-2,1681356585,1681356605,정선,20,,20,100,1,8,800,,,,,,8,종욱,,11,,,,
,230413,,,,hangwonpark,230413_hangwonpark_6,,,,outdoor_1_2023-04-13-12-28-14_sync_odom_sync,,Courtyard_3,Courtyard_3,Courtyard,,,,re,o,3,6,6,o,,o,0,0,,정선,,,,,,,,,-2_-2_-2_-2_-2,1681356605,1681356625,정선,20,찬혁,20,100,1,8,800,,JH,JH,JH,,8,종욱,,11,,,,
,230413,,train,Lab,hangwonpark,230413_hangwonpark_7,,,,outdoor_1_2023-04-13-12-28-14_sync_odom_sync,Courtyard_3,Courtyard_4,,,,,,,,,7,7,,,labeling,1909,1131,,,,,,test,0,0,1131,,-2_-2_-2_-2_-2,1681356625,1681356645,정선,20,찬혁,20,100,1,8,800,,JH,JH,JH,,8,종욱,,11,,,,
,230413,,,,hangwonpark,230413_hangwonpark_8,,,,outdoor_1_2023-04-13-12-28-14_sync_odom_sync,,,,,,,,,,,8,8,,,,,,,,,,,,,,,,-2_-2_-2_-2_-2,1681356645,1681356665,정선,20,,20,100,1,8,800,,,,,,8,종욱,,11,,,,
,230413,,,,hangwonpark,230413_hangwonpark_9,,,,outdoor_1_2023-04-13-12-28-14_sync_odom_sync,,,,,,,,,,,9,9,,,,0,0,,,,,,,,,,,-2_-2_-2_-2_-2,1681356665,1681356685,정선,20,찬혁,20,100,1,8,800,x,JH,JH,JH,,8,종욱,,11,,,,
,230413,,,,hangwonpark,230413_hangwonpark_10,,,,outdoor_1_2023-04-13-12-28-14_sync_odom_sync,,,,,,,,,,,10,10,,,,,,,,,,,,,,,,-2_-2_-2_-2_-2,1681356685,1681356702,정선,17,,17,85,0,8,0,,,,,,8,종욱,,11,,,,
,230413,,,,hangwonpark,230413_hangwonpark_,,,,outdoor_1_2023-04-13-12-31-45_sync_odom_sync,,,,,,,,,,,,,,,,,,,,,,,,,,,,-2_-2_-2_-2_-2,1681356712,1681356847,정선,,,135,675,6,,0,,,,,,8,종욱,,,,,,
,230413,,,,hangwonpark,230413_hangwonpark_11,,,,outdoor_1_2023-04-13-12-31-45_sync_odom_sync,,,,,,,,,,,1,11,,,,,,,,,,,,,,,,-2_-2_-2_-2_-2,1681356712,1681356732,정선,20,,20,100,1,,0,,,,,,8,,,11,,,,
,230413,,,,hangwonpark,230413_hangwonpark_12,,,,outdoor_1_2023-04-13-12-31-45_sync_odom_sync,,,,,,,,,,,2,12,,,,0,0,,,,,,,,,,,-2_-2_-2_-2_-2,1681356732,1681356752,정선,20,찬혁,20,100,1,,0,x,JH,JH,JH,,8,,,11,,,,
,230413,,train,CR,hangwonpark,230413_hangwonpark_13,,,,outdoor_1_2023-04-13-12-31-45_sync_odom_sync,Courtyard_4,Courtyard_5,Courtyard_4,Courtyard,,o,o,o,o,4,3,13,,o,done,1528,1788,1788,,test,val,train,train,1788,0,0,,-2_-2_-2_-2_-2,1681356752,1681356772,정선,20,JH,20,100,1,,0,,JH,JH,JH,,8,,,11,,,,
,230413,,train,CR,hangwonpark,230413_hangwonpark_14,,,,outdoor_1_2023-04-13-12-31-45_sync_odom_sync,Courtyard_5,Courtyard_6,,,,,,,,,4,14,,o,done,1405,1170,1170,,,,val,val,0,1170,0,,-2_-2_-2_-2_-2,1681356772,1681356792,정선,20,JH,20,100,1,,0,,JH,JH,JH,,8,,,11,,,,
,230413,,,,hangwonpark,230413_hangwonpark_15,,,,outdoor_1_2023-04-13-12-31-45_sync_odom_sync,,,,,,,,,,,5,15,,,,,,,,,,,,,,,,-2_-2_-2_-2_-2,1681356792,1681356812,정선,20,,20,100,1,,0,,,,,,8,,,11,,,,
,230413,,,,hangwonpark,230413_hangwonpark_16,,,,outdoor_1_2023-04-13-12-31-45_sync_odom_sync,,,,,,,,,,,6,16,,,,,,,,,,,,,,,,-2_-2_-2_-2_-2,1681356812,1681356832,정선,20,,20,100,1,,0,,,,,,8,,,11,,,,
,230413,,,,hangwonpark,230413_hangwonpark_17,,,,outdoor_1_2023-04-13-12-31-45_sync_odom_sync,,,,,,,,,,,7,17,,,,,,,,,,,,,,,,-2_-2_-2_-2_-2,1681356832,1681356847,정선,20,,15,75,0,,0,,,,,,8,,,11,,,,
,230413,,,,hangwonpark,230413_hangwonpark_,,,,outdoor_1_2023-04-13-12-34-14_sync_odom_sync,,,,,,,,,,,,,,,,,,,,,,,,,,,,-1_0_-1_1_-1,1681356861,1681356981,정선,,,120,600,6,12,7200,,,,,,12,종욱,,,,,,
,230413,,,,hangwonpark,230413_hangwonpark_18,,,,outdoor_1_2023-04-13-12-34-14_sync_odom_sync,,,,,,,,,,,1,18,,,,,,,,,,,,,,,,-1_0_-1_1_-1,1681356861,1681356881,정선,20,,20,100,1,12,1200,,,,,,12,종욱,,11,,,,
,230413,,train,Lab,hangwonpark,230413_hangwonpark_19,,,,outdoor_1_2023-04-13-12-34-14_sync_odom_sync,Courtyard_6,Courtyard_7,,,,,,,,,2,19,,,labeling,1228,1498,,,,,,train,1498,0,0,,-1_0_-1_1_-1,1681356881,1681356901,정선,20,JH,20,100,1,12,1200,x,JH,JH,JH,,12,종욱,,11,,,,
,230413,,,,hangwonpark,230413_hangwonpark_20,,,,outdoor_1_2023-04-13-12-34-14_sync_odom_sync,,Courtyard_8,,,,,,,,,3,20,o,,o,0,0,,정선,,,,,,,,,-1_0_-1_1_-1,1681356901,1681356921,정선,20,JH,20,100,1,12,1200,x,JH,JH,JH,,12,종욱,,11,,,,
,230413,,,,hangwonpark,230413_hangwonpark_21,,,,outdoor_1_2023-04-13-12-34-14_sync_odom_sync,,,,,,,,,,,4,21,,,,,,,,,,,,,,,,-1_0_-1_1_-1,1681356921,1681356941,정선,20,,20,100,1,12,1200,,,,,,12,종욱,,11,,,,
,230413,,,,hangwonpark,230413_hangwonpark_22,,,,outdoor_1_2023-04-13-12-34-14_sync_odom_sync,,,,,,,,,,,5,22,,,,,,,,,,,,,,,,-1_0_-1_1_-1,1681356941,1681356961,정선,20,,20,100,1,12,1200,,,,,,12,종욱,,11,,,,
,230413,,,,hangwonpark,230413_hangwonpark_23,,,,outdoor_1_2023-04-13-12-34-14_sync_odom_sync,,,,,,,,,,,6,23,,,,,,,,,,,,,,,,-1_0_-1_1_-1,1681356961,1681356981,정선,20,,20,100,1,12,1200,,,,,,12,종욱,,11,,,,
,230413,,,,hangwonpark,230413_hangwonpark_,,,,outdoor_1_2023-04-13-12-43-35_sync_odom_sync,,,,,,,,,,,,,,,,,,,,,,,,,,,,-1_-1_-1_-1_-1, ,1681357484,정선,,,#VALUE!,#VALUE!,#VALUE!,24,#VALUE!,,,,,,24,정선,,,,,,
,230413,,,,hangwonpark,230413_hangwonpark_24,,,,outdoor_1_2023-04-13-12-43-35_sync_odom_sync,,,,,,,,,,,1,24,,,,,,,,,,,,,,,,-1_-1_-1_-1_-1,1681357418,1681357438,정선,20,,20,100,1,24,2400,,,,,,24,정선,,11,,,,
,230413,,,,hangwonpark,230413_hangwonpark_25,,,,outdoor_1_2023-04-13-12-43-35_sync_odom_sync,,,,,,,,,,,2,25,,,,0,0,,,,,,,,,,,-1_-1_-1_-1_-1,1681357438,1681357458,정선,20,JH,20,100,1,24,2400,x,JH,JH,JH,,24,정선,,11,,,,
,230413,,,,hangwonpark,230413_hangwonpark_26,,,,outdoor_1_2023-04-13-12-43-35_sync_odom_sync,,,,,,,,,,,3,26,,,,,,,,,,,,,,,,-1_-1_-1_-1_-1,1681357458,1681357478,정선,20,,20,100,1,24,2400,,,,,,24,정선,,11,,,,
,230413,,,,hangwonpark,230413_hangwonpark_,,,,outdoor_1_2023-04-13-12-45-10_sync_odom_sync,,,,,,,,,,,,,,,,,,,,,,,,,,,,-1_-1_-1_0_-1,1681357514,1681357620,정선,,,106,530,5,17,8500,,,,,,17,정선,,,,,,
,230413,,,,hangwonpark,230413_hangwonpark_27,,,,outdoor_1_2023-04-13-12-45-10_sync_odom_sync,,,,,,,,,,,1,27,,,,,,,,,,,,,,,,-1_-1_-1_0_-1,1681357514,1681357534,정선,20,,20,100,1,17,1700,,,,,,17,정선,,11,,,,
,230413,,test,CR,hangwonpark,230413_hangwonpark_28,,,,outdoor_1_2023-04-13-12-45-10_sync_odom_sync,Courtyard_7,Courtyard_9,Courtyard_5,Courtyard,,o,o,o,o,5,2,28,,o,done,2766,2199,2199,,test,val,train,train,2199,0,0,,-1_-1_-1_0_-1,1681357534,1681357554,정선,20,JH,20,100,1,17,1700,,JH,JH,JH,,17,정선,,11,,,,
,230413,,,,hangwonpark,230413_hangwonpark_29,,,,outdoor_1_2023-04-13-12-45-10_sync_odom_sync,,,,,,,,,,,3,29,,,,,,,,,,,,,,,,-1_-1_-1_0_-1,1681357554,1681357574,정선,20,,20,100,1,17,1700,,,,,,17,정선,,11,,,,
,230413,,,,hangwonpark,230413_hangwonpark_30,,,,outdoor_1_2023-04-13-12-45-10_sync_odom_sync,,,,,,,,,,,4,30,,,,,,,,,,,,,,,,-1_-1_-1_0_-1,1681357574,1681357594,정선,20,,20,100,1,17,1700,,,,,,17,정선,,11,,,,
,230413,,,,hangwonpark,230413_hangwonpark_31,,,,outdoor_1_2023-04-13-12-45-10_sync_odom_sync,,,,,,,,,,,5,31,,,,0,0,,,,,,,,,,,-1_-1_-1_0_-1,1681357594,1681357614,정선,20,JH,20,100,1,17,1700,x,JH,JH,JH,,17,정선,,11,,,,
,230413,,,,hangwonpark,230413_hangwonpark_32,,,,outdoor_1_2023-04-13-12-45-10_sync_odom_sync,,,,,,,,,,,6,32,,,,,,,,,,,,,,,,-1_-1_-1_0_-1,,,정선,20,,0,0,0,17,0,,,,,,17,정선,,11,,,,
,230413,,,,hangwonpark,230413_hangwonpark_,,,,outdoor_1_2023-04-13-12-47-23_sync_odom_sync,,,,,,,,,,,,,,,,0,,,,,,,,,,,,-1_-1_-2_-1_-2,1681357647,1681357715,정선,,,68,340,3,20,6000,,,,,,20,정선,,,,,,
,230413,,,,hangwonpark,230413_hangwonpark_33,,,,outdoor_1_2023-04-13-12-47-23_sync_odom_sync,,,,,,,,,,,1,33,,,,,,,,,,,,,,,,-1_-1_-2_-1_-2,1681357647,1681357667,정선,,,20,100,1,20,2000,,,,,,20,정선,,11,,,,
,230413,,,,hangwonpark,230413_hangwonpark_34,,,,outdoor_1_2023-04-13-12-47-23_sync_odom_sync,,,,,,,,,,,2,34,,,,,,,,,,,,,,,,-1_-1_-2_-1_-2,1681357667,1681357687,정선,,,20,100,1,20,2000,,,,,,20,정선,,11,,,,
,230413,,,,hangwonpark,230413_hangwonpark_35,,,,outdoor_1_2023-04-13-12-47-23_sync_odom_sync,,,,,,,,,,,3,35,,,,,,,,,,,,,,,,-1_-1_-2_-1_-2,1681357687,1681357707,정선,,,20,100,1,20,2000,,,,,,20,정선,,11,,,,
,230413,,,,hangwonpark,230413_hangwonpark_,,,,slam_outdoor_1_2023-04-13-12-37-38_sync_odom_sync,,,,,,,,,,,,,,,,,,,,,,,,,,,,-1_-1_-1_0_-1,1681357065,1681357276,정선,,,211,1055,10,12,12000,,,,,,12,정선,,,,,,
,230413,,,,hangwonpark,230413_hangwonpark_36,,,,slam_outdoor_1_2023-04-13-12-37-38_sync_odom_sync,,,,,,,,,,,1,36,,,,,,,,,,,,,,,,-1_-1_-1_0_-1,1681357065,1681357085,정선,20,,20,100,1,12,1200,,,,,,12,정선,,11,,,,
,230413,,,,hangwonpark,230413_hangwonpark_37,,,,slam_outdoor_1_2023-04-13-12-37-38_sync_odom_sync,,,,,,,,,,,2,37,,,,,,,,,,,,,,,,-1_-1_-1_0_-1,1681357085,1681357105,정선,20,,20,100,1,12,1200,,,,,,12,정선,,11,,,,
lidar-lidar 수정 필요,230413,,train,CR,hangwonpark,230413_hangwonpark_38,,,,slam_outdoor_1_2023-04-13-12-37-38_sync_odom_sync,Courtyard_9,Courtyard_10,Courtyard_6,Courtyard,,o,o,o,o,6,3,38,,o,ing,1739,1259,1259,,train,val,train,train,1259,0,0,,-1_-1_-1_0_-1,1681357105,1681357125,정선,20,JH,20,100,1,12,1200,,JH,JH,JH,,12,정선,,11,,,,
,230413,,,,hangwonpark,230413_hangwonpark_39,,,,slam_outdoor_1_2023-04-13-12-37-38_sync_odom_sync,,Courtyard_11,Courtyard_7,Courtyard,,,,o,o,7,4,39,o,,o,0,0,,정선,,,,,,,,,-1_-1_-1_0_-1,1681357125,1681357145,정선,20,JH,20,100,1,12,1200,x,JH,JH,JH,,12,정선,,11,,,,
,230413,,,,hangwonpark,230413_hangwonpark_40,,,,slam_outdoor_1_2023-04-13-12-37-38_sync_odom_sync,,,,,,,,,,,5,40,,,,,,,,,,,,,,,,-1_-1_-1_0_-1,1681357145,1681357165,정선,20,,20,100,1,12,1200,,,,,,12,정선,,11,,,,
,230413,,train,Lab,hangwonpark,230413_hangwonpark_41,,,,slam_outdoor_1_2023-04-13-12-37-38_sync_odom_sync,Courtyard_10,Courtyard_12,Courtyard_8,Courtyard,,,,o,o,8,6,41,o,,o,0,0,0,정선,train,val,train,train,0,0,0,,-1_-1_-1_0_-1,1681357165,1681357185,정선,20,JH,20,100,1,12,1200,x,JH,JH,JH,,12,정선,,11,,,,
,230413,,,,hangwonpark,230413_hangwonpark_42,,,,slam_outdoor_1_2023-04-13-12-37-38_sync_odom_sync,,,,,,,,,,,7,42,,,,,,,,,,,,,,,,-1_-1_-1_0_-1,1681357185,1681357205,정선,20,,20,100,1,12,1200,,,,,,12,정선,,11,,,,
lidar-lidar 수정 필요,230413,,train,CR,hangwonpark,230413_hangwonpark_43,,,,slam_outdoor_1_2023-04-13-12-37-38_sync_odom_sync,Courtyard_8,Courtyard_13,Courtyard_9,Courtyard,,o,o,o,o,9,8,43,,o,done,2450,2182,2182,,train,val,train,train,2182,0,0,,-1_-1_-1_0_-1,1681357205,1681357225,정선,20,JH,20,100,1,12,1200,,JH,JH,JH,,12,정선,,11,,,,
,230413,,,,hangwonpark,230413_hangwonpark_44,,,,slam_outdoor_1_2023-04-13-12-37-38_sync_odom_sync,,,,,,,,,,,9,44,,,,,,,,,,,,,,,,-1_-1_-1_0_-1,1681357225,1681357245,정선,20,,20,100,1,12,1200,,,,,,12,정선,,11,,,,
,230413,,,,hangwonpark,230413_hangwonpark_45,,,,slam_outdoor_1_2023-04-13-12-37-38_sync_odom_sync,,,,,,,,,,,10,45,,,,,,,,,,,,,,,,-1_-1_-1_0_-1,1681357245,1681357265,정선,20,,20,100,1,12,1200,,,,,,12,정선,,11,,,,
,230413,,,,hangwonpark,230413_hangwonpark_,,,,slam_outdoor_1_2023-04-13-12-37-38_sync_odom_sync,,,,,,,,,,,,,,,,,,,,,,,,,,,,-1_-1_-1_0_-1,1681354254,1681354276,정선,,,22,110,1,12,1200,,,,,,12,정선,,,,,,
,,,,,hangwonpark,_hangwonpark_,,,,,,,,,,,,,9,,,,,,13,,13328,10699,,,,,,,,,,,,,,,,,,,,,,,,,,,,,,,,,
,230413,,,,hanyang_womans,230413_hanyang_womans_,,,,indoor_1_2023-04-13-11-44-44_sync_odom_sync,,,,,,,,,,,,,,,,,,,,,,,,,,,,-2_-2_-3_-2_-2,1681353940,1681354251,정선,,,311,1555,15,17,25500,,,,,,17,정선,,,,,,
,230413,,train,Lab,hanyang_womans,230413_hanyang_womans_1,,,,indoor_1_2023-04-13-11-44-44_sync_odom_sync,Lobby_1,Lobby_1,,,,,,,,,1,1,,,labeling,0,1367,,,,,,test,0,0,1367,,-2_-2_-3_-2_-2,1681353940,1681353960,정선,20,JH,20,100,1,17,1700,,JH,JH,JH,,17,,,12,,,,
,230413,,,삭제됨,hanyang_womans,230413_hanyang_womans_2,,,,indoor_1_2023-04-13-11-44-44_sync_odom_sync,,Lobby_2,Lobby_1,Lobby,,,,o,o,1,2,2,o,,o,0,0,,정선,,,,,,,,,-2_-2_-3_-2_-2,1681353960,1681353980,정선,20,JH,20,100,1,17,1700,x,JH,JH,JH,,17,,,12,,,,
,230413,,train,Lab,hanyang_womans,230413_hanyang_womans_3,,,,indoor_1_2023-04-13-11-44-44_sync_odom_sync,Lobby_2,Lobby_3,,,,,o,,,,3,3,,,labeling,3677,2455,,,,,,train,2455,0,0,,-2_-2_-3_-2_-2,1681353980,1681354000,정선,20,JH,20,100,1,17,1700,x,JH,JH,JH,,17,,,12,,,,
,230413,,,삭제됨,hanyang_womans,230413_hanyang_womans_4,,,,indoor_1_2023-04-13-11-44-44_sync_odom_sync,,Lobby_4,Lobby_2,Lobby,,,,o,o,2,4,4,o,,o,0,0,,정선,,,,,,,,,-2_-2_-3_-2_-2,1681354000,1681354020,정선,20,JH,20,100,1,17,1700,x,JH,JH,JH,,17,,,12,,,,
,230413,,train,Lab,hanyang_womans,230413_hanyang_womans_5,,,,indoor_1_2023-04-13-11-44-44_sync_odom_sync,Lobby_3,Lobby_5,,,,,,,,,5,5,,,labeling,1531,1150,,,,,,train,1150,0,0,,-2_-2_-3_-2_-2,1681354020,1681354040,정선,20,JH,20,100,1,17,1700,x,JH,JH,JH,,17,,,12,,,,
,230413,,test,CR,hanyang_womans,230413_hanyang_womans_6,,,,indoor_1_2023-04-13-11-44-44_sync_odom_sync,Lobby_4,Lobby_6,Lobby_3,Lobby,,o,o,o,o,3,6,6,,o,done,1319,1083,1083,,val,test,train,train,1083,0,0,,-2_-2_-3_-2_-2,1681354040,1681354060,정선,20,JH,20,100,1,17,1700,,JH,JH,JH,,17,,,12,,,,
,230413,,val,RR,hanyang_womans,230413_hanyang_womans_7,,,,indoor_1_2023-04-13-11-44-44_sync_odom_sync,Lobby_5,Lobby_7,Lobby_4,Lobby,,o,o,o,o,4,7,7,,o,done,3598,2654,2654,,test,test,val,val,0,2654,0,,-2_-2_-3_-2_-2,1681354060,1681354080,정선,20,JH,20,100,1,17,1700,,JH,JH,JH,,17,,,12,,,,
,230413,,,삭제됨,hanyang_womans,230413_hanyang_womans_8,,,,indoor_1_2023-04-13-11-44-44_sync_odom_sync,,Lobby_8,Lobby_5,Lobby,,,,re,o,5,8,8,o,,o,0,0,,정선,,,,,,,,,-2_-2_-3_-2_-2,1681354080,1681354100,정선,20,JH,20,100,1,17,1700,x,JH,JH,JH,,17,,,12,,,,
,230413,,,삭제됨,hanyang_womans,230413_hanyang_womans_9,,,,indoor_1_2023-04-13-11-44-44_sync_odom_sync,,,,,,,,,,,9,9,,,,0,0,,,,,,,,,,,-2_-2_-3_-2_-2,1681354100,1681354120,정선,20,JH,20,100,1,17,1700,x,JH,JH,JH,,17,,,12,,,,
,230413,,,삭제됨,hanyang_womans,230413_hanyang_womans_10,,,,indoor_1_2023-04-13-11-44-44_sync_odom_sync,,,,,,,,,,,10,10,,,,0,0,,,,,,,,,,,-2_-2_-3_-2_-2,1681354120,1681354140,정선,20,JH,20,100,1,17,1700,x,JH,JH,JH,,17,,,12,,,,
,230413,,train,RR,hanyang_womans,230413_hanyang_womans_11,,,,indoor_1_2023-04-13-11-44-44_sync_odom_sync,Lobby_6,Lobby_9,Lobby_6,Lobby,,o,o,o,o,6,11,11,,o,ing,5091,3763,3763,,train,test,train,train,3763,0,0,,-2_-2_-3_-2_-2,1681354140,1681354160,정선,20,JH,20,100,1,17,1700,,JH,JH,JH,,17,,,12,,,,
,230413,,train,Lab,hanyang_womans,230413_hanyang_womans_12,,,,indoor_1_2023-04-13-11-44-44_sync_odom_sync,Lobby_7,Lobby_10,Lobby_7,Lobby,,o,o,o,o,7,12,12,,o,done,3952,3684,3684,,train,test,val,val,0,3684,0,,-2_-2_-3_-2_-2,1681354160,1681354180,정선,20,JH,20,100,1,17,1700,,JH,JH,JH,,17,,,12,,,,
,230413,o,train,CR,hanyang_womans,230413_hanyang_womans_13,,,,indoor_1_2023-04-13-11-44-44_sync_odom_sync,Lobby_8,Lobby_11,Lobby_8,Lobby,,o,o,o,o,8,13,13,,o,done,4341,3289,3289,,train,test,train,train,3289,0,0,,-2_-2_-3_-2_-2,1681354180,1681354200,정선,20,JH,20,100,1,17,1700,,JH,JH,JH,,17,,,12,,,,
,230413,,train,Lab,hanyang_womans,230413_hanyang_womans_14,,,,indoor_1_2023-04-13-11-44-44_sync_odom_sync,Lobby_9,Lobby_12,Lobby_9,Lobby,,o,o,o,o,9,14,14,,o,ing,3223,2624,2624,,train,test,test,test,0,0,2624,,-2_-2_-3_-2_-2,1681354200,1681354220,정선,20,JH,20,100,1,17,1700,,JH,JH,JH,,17,,,12,,,,
,230413,,,삭제됨,hanyang_womans,230413_hanyang_womans_15,,,,indoor_1_2023-04-13-11-44-44_sync_odom_sync,,,,,,,,,,,15,15,,,,0,0,,,,,,,,,,,-2_-2_-3_-2_-2,1681354220,1681354240,정선,20,JH,20,100,1,17,1700,x,JH,JH,5,,17,,,12,,,,
,,,,,hanyang_womans,_hanyang_womans_,,,,,,,,,,,,,9,,,,,,12,,22069,17097,,,,,,,,,,,,,,,,,,,,,,,,,,,,,,,,,
,230409,,,,sungsu,230409_sungsu_,,,,outdoor_1_2023-04-09-13-45-44_sync_odom,,,,,,,,,,,,,,,,,,,,,,,,,,,,-1_-1_-2_-1_-1,1681015549,1681015668,정선,,,119,595,5,11,5500,,,,,,11,준용,,1c,,,,
,230409,,,,sungsu,230409_sungsu_1,,,,outdoor_1_2023-04-09-13-45-44_sync_odom,,,,,,,,,,,1,1,,,,,,,,,,,,,,,,-1_-1_-2_-1_-1,1681015549,1681015569,정선,20,,20,100,1,11,1100,,,,,,11,준용,,13,,,,
,230409,,,,sungsu,230409_sungsu_2,,,,outdoor_1_2023-04-09-13-45-44_sync_odom,,,,,,,,,X,,2,2,,,,,,,,,,,,,,,,-1_-1_-2_-1_-1,1681015569,1681015589,정선,20,찬혁,20,100,1,11,1100,,JH,JH,X,,11,준용,,13,,,,
,230409,,,,sungsu,230409_sungsu_3,,,,outdoor_1_2023-04-09-13-45-44_sync_odom,,,,,,,,,,,3,3,,,,,,,,,,,,,,,,-1_-1_-2_-1_-1,1681015589,1681015609,정선,20,,20,100,1,11,1100,,,,,,11,준용,,13,,,,
,230409,,val,Lab,sungsu,230409_sungsu_4,,,,outdoor_1_2023-04-09-13-45-44_sync_odom,Crossroad_1,Crossroad_1,,,,,,,,,4,4,,,labeling,11186,7348,,,,,,train,7348,0,0,,-1_-1_-2_-1_-1,1681015609,1681015629,정선,20,찬혁,20,100,1,11,1100,,JH,JH,JH,,11,준용,,13,,,,
,230409,,,,sungsu,230409_sungsu_5,,,,outdoor_1_2023-04-09-13-45-44_sync_odom,,,,,,,,,,,5,5,,,,,,,,,,,,,,,,-1_-1_-2_-1_-1,1681015629,1681015649,정선,20,,20,100,1,11,1100,,,,,,11,준용,,13,,,,
,230409,,,,sungsu,230409_sungsu_6,,,,outdoor_1_2023-04-09-13-45-44_sync_odom,,,,,,,,,X,,6,6,,,,,,,,,,,,,,,,-1_-1_-2_-1_-1,1681015649,1681015668,정선,19,,19,95,0,11,0,,,,,,11,준용,,13,,,,
,230409,,,,sungsu,230409_sungsu_,,,,outdoor_1_2023-04-09-13-49-36_sync_odom,,,,,,,,,,,,,,,,,,,,,,,,,,,,0_0_0_1_0,1681015782,1681015966,정선,,,184,920,9,28,25200,,,,,,28,종욱,,2c,,,,
,230409,o,test,CR,sungsu,230409_sungsu_7,,,,outdoor_1_2023-04-09-13-49-36_sync_odom,Outdoor_Alley_2,Outdoor_Alley_2,Outdoor_Alley_2,Outdoor_Alley,,o,o,o,o,1,1,7,,o,done,5036,3344,3344,,test,train,test,test,0,0,3344,,0_0_0_1_0,1681015782,1681015802,정선,20,찬혁,20,100,1,28,2800,,JH,JH,JH,,28,종욱,,14,,,,
"원래 sungsu_8이어야 하는데, 변경함",230409,,train,Lab,sungsu,230409_sungsu_9,,,,outdoor_1_2023-04-09-13-49-36_sync_odom,Outdoor_Alley_3,Outdoor_Alley_3,Outdoor_Alley_3,Outdoor_Alley,,o,o,o,o,2,2,9,,o,done,7627,5925,5925,,val,train,val,val,0,5925,0,,0_0_0_1_0,1681015802,1681015822,정선,20,,20,100,1,28,2800,,,,,,28,종욱,,14,,,,
,230409,,,,sungsu,230409_sungsu_8,,,,outdoor_1_2023-04-09-13-49-36_sync_odom,,,,,,,,,,,3,8,,,,,,,,,,,,,,,,0_0_0_1_0,1681015822,1681015842,정선,20,준용,20,100,1,28,2800,,JH,JH,JH,,28,종욱,,14,,,,
,230409,,,,sungsu,230409_sungsu_10,,,,outdoor_1_2023-04-09-13-49-36_sync_odom,,,,,,d,,,deleted,,4,10,,,labeling,5970,5723,,,,,,,,,,,0_0_0_1_0,1681015842,1681015862,정선,20,준용,20,100,1,28,2800,x,JH,JH,JH,,28,종욱,,14,,,,
,230409,,,,sungsu,230409_sungsu_11,,,,outdoor_1_2023-04-09-13-49-36_sync_odom,,,,,,,,,,,5,11,,,,,,,,,,,,,,,,0_0_0_1_0,1681015862,1681015882,정선,20,,20,100,1,28,2800,,,,,,28,종욱,,14,,,,
,230409,,,,sungsu,230409_sungsu_12,,,,outdoor_1_2023-04-09-13-49-36_sync_odom,,,,,,d,,,deleted,,6,12,,,labeling,8858,5680,,,,,,,,,,,0_0_0_1_0,1681015882,1681015902,정선,20,준용,20,100,1,28,2800,x,JH,JH,JH,,28,종욱,,14,,,,
,230409,,,,sungsu,230409_sungsu_13,,,,outdoor_1_2023-04-09-13-49-36_sync_odom,,,,,,,,,,,7,13,,,,,,,,,,,,,,,,0_0_0_1_0,1681015902,1681015922,정선,20,,20,100,1,28,2800,x,,,,,28,종욱,,14,,,,
,230409,,,,sungsu,230409_sungsu_14,,,,outdoor_1_2023-04-09-13-49-36_sync_odom,,,,,,,,,,,8,14,,,,,,,,,,,,,,,,0_0_0_1_0,1681015922,1681015942,정선,20,,20,100,1,28,2800,,,,,,28,종욱,,14,,,,
,230409,,,,sungsu,230409_sungsu_15,,,,outdoor_1_2023-04-09-13-49-36_sync_odom,,,,,,,,,,,9,15,,,,,,,,,,,,,,,,0_0_0_1_0,1681015942,1681015962,정선,20,,20,100,1,28,2800,,,,,,28,종욱,,14,,,,
,230409,,,,sungsu,230409_sungsu_,,,,outdoor_1_2023-04-09-13-53-22_sync_odom,,,,,,,,,,,,,,,,,,,,,,,,,,,,-2_-2_-2_-1_-2,1681016008,1681016094,정선,,,86,430,4,17,6800,,,,,,17,종욱,,3c,,,,
,230409,,,,sungsu,230409_sungsu_16,,,,outdoor_1_2023-04-09-13-53-22_sync_odom,,,,,,,,,,,1,16,,,,,,,,,,,,,,,,-2_-2_-2_-1_-2,1681016008,1681016028,정선,20,,20,100,1,17,1700,,,,,,17,종욱,,15,,,,
,230409,,,,sungsu,230409_sungsu_17,,,,outdoor_1_2023-04-09-13-53-22_sync_odom,,,,,,d,,,deleted,,2,17,,,labeling,6986,5306,,,,,,,,,,,-2_-2_-2_-1_-2,1681016028,1681016048,정선,20,준용->cw,20,100,1,17,1700,x,JH,JH,JH,,17,종욱,,15,,,,
,230409,,,,sungsu,230409_sungsu_18,,,,outdoor_1_2023-04-09-13-53-22_sync_odom,,,,,,,,,,,3,18,,,,,,,,,,,,,,,,-2_-2_-2_-1_-2,1681016048,1681016068,정선,20,,20,100,1,17,1700,,,,,,17,종욱,,15,,,,
,230409,,,,sungsu,230409_sungsu_19,,,,outdoor_1_2023-04-09-13-53-22_sync_odom,,,,,,,,,,,4,19,,,,,,,,,,,,,,,,-2_-2_-2_-1_-2,1681016068,1681016088,정선,20,,20,100,1,17,1700,,,,,,17,종욱,,15,,,,
,230409,,,,sungsu_slam, ,,,,outdoor_1_2023-04-09-15-06-31_sync_odom,,,,,,,,,,,,,,,,,,,,,,,,,,,,-1_-1_-1_0_0,1681020397,1681021047,정선,,,650,3250,32,15,48000,,,,,,15,준용,,,,,,
,230409,,train,CR,sungsu_slam,230409_sungsu_slam_1,,,,outdoor_1_2023-04-09-15-06-31_sync_odom,Outdoor_Alley_1,Outdoor_Alley_1,Outdoor_Alley_1,Outdoor_Alley,,o,o,o,o,3,1,1,,o,done,6132,4417,4417,,train,train,train,train,4417,0,0,,-1_-1_-1_0_0,1681020397,1681020417,정선,20,정호,20,100,1,15,1500,,JH,JH,JH,,15,준용,,16,,,,
,230409,,,,sungsu_slam,230409_sungsu_slam_2,,,,outdoor_1_2023-04-09-15-06-31_sync_odom,,,,,,,,,,,2,2,,,,,,,,,,,,,,,,-1_-1_-1_0_0,1681020417,1681020437,정선,20,,20,100,1,15,1500,,,,,,15,준용,,16,,,,
,230409,,,,sungsu_slam,230409_sungsu_slam_3,,,,outdoor_1_2023-04-09-15-06-31_sync_odom,,,,,,,,,,,3,3,,,,,,,,,,,,,,,,-1_-1_-1_0_0,1681020437,1681020457,정선,20,,20,100,1,15,1500,,,,,,15,준용,,16,,,,
,230409,,,,sungsu_slam,230409_sungsu_slam_4,,,,outdoor_1_2023-04-09-15-06-31_sync_odom,,,,,,,,,,,4,4,,,,,,,,,,,,,,,,-1_-1_-1_0_0,1681020457,1681020477,정선,20,,20,100,1,15,1500,,,,,,15,준용,,16,,,,
,230409,,,,sungsu_slam,230409_sungsu_slam_5,,,,outdoor_1_2023-04-09-15-06-31_sync_odom,,,,,,,,,,,5,5,,,,,,,,,,,,,,,,-1_-1_-1_0_0,1681020477,1681020497,정선,20,,20,100,1,15,1500,,,,,,15,준용,,16,,,,
,230409,,,삭제됨,sungsu_slam,230409_sungsu_slam_6,,,,outdoor_1_2023-04-09-15-06-31_sync_odom,,,,,,,,,,,6,6,,,,0,0,,,,,,,,,,,-1_-1_-1_0_0,1681020497,1681020517,정선,20,정호,20,100,1,15,1500,x,JH,JH,JH,,15,준용,,16,,,,
,230409,,,,sungsu_slam,230409_sungsu_slam_7,,,,outdoor_1_2023-04-09-15-06-31_sync_odom,,,,,,,,,,,7,7,,,,,,,,,,,,,,,,-1_-1_-1_0_0,1681020517,1681020537,정선,20,,20,100,1,15,1500,,,,,,15,준용,,16,,,,
,230409,,,,sungsu_slam,230409_sungsu_slam_8,,,,outdoor_1_2023-04-09-15-06-31_sync_odom,,,,,,,,,,,8,8,,,,,,,,,,,,,,,,-1_-1_-1_0_0,1681020537,1681020557,정선,20,,20,100,1,15,1500,,,,,,15,준용,,16,,,,
,230409,,,,sungsu_slam,230409_sungsu_slam_9,,,,outdoor_1_2023-04-09-15-06-31_sync_odom,,,,,,,,,,,9,9,,,,,,,,,,,,,,,,-1_-1_-1_0_0,1681020557,1681020577,정선,20,,20,100,1,15,1500,,,,,,15,준용,,16,,,,
,230409,,val,Lab,sungsu_slam,230409_sungsu_slam_10,,,,outdoor_1_2023-04-09-15-06-31_sync_odom,Outdoor_Alley_4,Outdoor_Alley_4,,,,,,,,,10,10,,,labeling,4567,4808,,,,,,train,,,,,-1_-1_-1_0_0,1681020577,1681020597,정선,20,정호,20,100,1,15,1500,,JH,JH,JH,,15,준용,,16,,,,
,230409,,,,sungsu_slam,230409_sungsu_slam_11,,,,outdoor_1_2023-04-09-15-06-31_sync_odom,,,,,,,,,,,11,11,,,,,,,,,,,,,,,,-1_-1_-1_0_0,1681020597,1681020617,정선,20,,20,100,1,15,1500,,,,,,15,준용,,16,,,,
,230409,,,,sungsu_slam,230409_sungsu_slam_12,,,,outdoor_1_2023-04-09-15-06-31_sync_odom,,,,,,,,,,,12,12,,,,,,,,,,,,,,,,-1_-1_-1_0_0,1681020617,1681020637,정선,20,,20,100,1,15,1500,,,,,,15,준용,,16,,,,
,230409,,,,sungsu_slam,230409_sungsu_slam_13,,,,outdoor_1_2023-04-09-15-06-31_sync_odom,,,,,,,,,,,13,13,,,,,,,,,,,,,,,,-1_-1_-1_0_0,1681020637,1681020657,정선,20,정호,20,100,1,15,1500,x,JH,JH,JH,,15,준용,,16,,,,
,230409,,,,sungsu_slam,230409_sungsu_slam_14,,,,outdoor_1_2023-04-09-15-06-31_sync_odom,,,,,,,,,,,14,14,,,,,,,,,,,,,,,,-1_-1_-1_0_0,1681020657,1681020677,정선,20,,20,100,1,15,1500,,,,,,15,준용,,16,,,,
,230409,,,,sungsu_slam,230409_sungsu_slam_15,,,,outdoor_1_2023-04-09-15-06-31_sync_odom,,,,,,,,,,,15,15,,,,,,,,,,,,,,,,-1_-1_-1_0_0,1681020677,1681020697,정선,20,,20,100,1,15,1500,,,,,,15,준용,,16,,,,
,230409,,,,sungsu_slam,230409_sungsu_slam_16,,,,outdoor_1_2023-04-09-15-06-31_sync_odom,,,,,,,,,,,16,16,,,,,,,,,,,,,,,,-1_-1_-1_0_0,1681020697,1681020717,정선,20,,20,100,1,15,1500,,,,,,15,준용,,16,,,,
,230409,,,,sungsu_slam,230409_sungsu_slam_17,,,,outdoor_1_2023-04-09-15-06-31_sync_odom,,,,,,,,,,,17,17,,,,,,,,,,,,,,,,-1_-1_-1_0_0,1681020717,1681020737,정선,20,정호,20,100,1,15,1500,x,JH,JH,JH,,15,준용,,16,,,,
,230409,,,,sungsu_slam,230409_sungsu_slam_18,,,,outdoor_1_2023-04-09-15-06-31_sync_odom,,,,,,,,,,,18,18,,,,,,,,,,,,,,,,-1_-1_-1_0_0,1681020737,1681020757,정선,20,,20,100,1,15,1500,,,,,,15,준용,,16,,,,
,230409,,,,sungsu_slam,230409_sungsu_slam_19,,,,outdoor_1_2023-04-09-15-06-31_sync_odom,,,,,,,,,,,19,19,,,,,,,,,,,,,,,,-1_-1_-1_0_0,1681020757,1681020777,정선,20,,20,100,1,15,1500,,,,,,15,준용,,파일 없음,,,,
,230409,,,,sungsu_slam,230409_sungsu_slam_20,,,,outdoor_1_2023-04-09-15-06-31_sync_odom,,,,,,,,,,,20,20,,,,,,,,,,,,,,,,-1_-1_-1_0_0,1681020777,1681020797,정선,20,정호,20,100,1,15,1500,x,JH,JH,JH,,15,준용,,17,,,,
,230409,,,,sungsu_slam,230409_sungsu_slam_21,,,,outdoor_1_2023-04-09-15-06-31_sync_odom,,,,,,,,,,,21,21,,,,,,,,,,,,,,,,-1_-1_-1_0_0,1681020797,1681020817,정선,20,,20,100,1,15,1500,,,,,,15,준용,,17,,,,
,230409,,,,sungsu_slam,230409_sungsu_slam_22,,,,outdoor_1_2023-04-09-15-06-31_sync_odom,,,,,,,,,,,22,22,,,,,,,,,,,,,,,,-1_-1_-1_0_0,1681020817,1681020837,정선,20,,20,100,1,15,1500,,,,,,15,준용,,17,,,,
,230409,,,삭제됨,sungsu_slam,230409_sungsu_slam_23,,,,,,,,,,,,,,,23,23,,,labeling,0,923,,,,,,,,,,,-1_-1_-1_0_0,1681020837,1681020857,정선,20,정호,20,100,1,15,1500,,JH,JH,JH,,15,준용,,17,,,,
,230409,,,,sungsu_slam,230409_sungsu_slam_24,,,,outdoor_1_2023-04-09-15-06-31_sync_odom,,,,,,,,,,,24,24,,,,,,,,,,,,,,,,-1_-1_-1_0_0,1681020857,1681020877,정선,20,,20,100,1,15,1500,,,,,,15,준용,,,1681020875,,,
,230409,,,,sungsu_slam,230409_sungsu_slam_25,,,,outdoor_1_2023-04-09-15-06-31_sync_odom,,,,,,,,,,,25,25,,,,,,,,,,,,,,,,-1_-1_-1_0_0,1681020877,1681020897,정선,20,정호,20,100,1,15,1500,x,JH,JH,JH,,15,준용,,18,,,,
,230409,,,,sungsu_slam,230409_sungsu_slam_26,,,,outdoor_1_2023-04-09-15-06-31_sync_odom,,,,,,,,,,,26,26,,,,,,,,,,,,,,,,-1_-1_-1_0_0,1681020897,1681020917,정선,20,,20,100,1,15,1500,,,,,,15,준용,,18,,,,
,230409,,,,sungsu_slam,230409_sungsu_slam_27,,,,outdoor_1_2023-04-09-15-06-31_sync_odom,,,,,,,,,,,27,27,,,,,,,,,,,,,,,,-1_-1_-1_0_0,1681020917,1681020937,정선,20,정호,20,100,1,15,1500,x,JH,JH,JH,,15,준용,,심함,1681020923,,,
,230409,,,,sungsu_slam,230409_sungsu_slam_28,,,,outdoor_1_2023-04-09-15-06-31_sync_odom,,,,,,,,,,,28,28,,,,,,,,,,,,,,,,-1_-1_-1_0_0,1681020937,1681020957,정선,20,,20,100,1,15,1500,,,,,,15,준용,,19,,,,
,230409,,,,sungsu_slam,230409_sungsu_slam_29,,,,outdoor_1_2023-04-09-15-06-31_sync_odom,,,,,,,,,,,29,29,,,,,,,,,,,,,,,,-1_-1_-1_0_0,1681020957,1681020977,정선,20,정호,20,100,1,15,1500,x,JH,JH,JH,,15,준용,,19,,,,
,230409,,,,sungsu_slam,230409_sungsu_slam_30,,,,outdoor_1_2023-04-09-15-06-31_sync_odom,,,,,,,,,,,30,30,,,,,,,,,,,,,,,,-1_-1_-1_0_0,1681020977,1681020997,정선,20,,20,100,1,15,1500,,,,,,15,준용,,19,,,,
,230409,,,,sungsu_slam,230409_sungsu_slam_31,,,,outdoor_1_2023-04-09-15-06-31_sync_odom,,,,,,,,,,,31,31,,,,,,,,,,,,,,,,-1_-1_-1_0_0,1681020997,1681021017,정선,20,정호,20,100,1,15,1500,x,JH,JH,JH,,15,준용,,19,,,,
,230409,,,,sungsu_slam,230409_sungsu_slam_32,,,,outdoor_1_2023-04-09-15-06-31_sync_odom,,,,,,,,,,,32,32,,,,,,,,,,,,,,,,-1_-1_-1_0_0,1681021017,1681021037,정선,20,,20,100,1,15,1500,,,,,,15,준용,,19,,,,
,230409,,,,sungsu_slam,230409_sungsu_slam_,,,,outdoor_1_2023-04-09-15-17-57_sync_odom,,,,,,,,,,,,,,,,,,,,,,,,,,,,-2_-2_-1_0_-1,1681021083,1681021774,정선,,,691,3455,34,5,17000,,,,,,5,준용,,-,,,,
,230409,,,,sungsu_slam,230409_sungsu_slam_33,,,,outdoor_1_2023-04-09-15-17-57_sync_odom,,,,,,,,,,,1,33,,,,,,,,,,,,,,,,-2_-2_-1_0_-1,1681021083,1681021103,정선,20,,20,100,1,5,500,,,,,,5,준용,,20,,,,
,230409,,,,sungsu_slam,230409_sungsu_slam_34,,,,outdoor_1_2023-04-09-15-17-57_sync_odom,,,,,,,,,,,2,34,,,,,,,,,,,,,,,,-2_-2_-1_0_-1,1681021103,1681021123,정선,20,,20,100,1,5,500,,,,,,5,준용,,20,,,,
,230409,,,,sungsu_slam,230409_sungsu_slam_35,,,,outdoor_1_2023-04-09-15-17-57_sync_odom,,,,,,,,,,,3,35,,,,,,,,,,,,,,,,-2_-2_-1_0_-1,1681021123,1681021143,정선,20,,20,100,1,5,500,,,,,,5,준용,,20,,,,
,230409,,,,sungsu_slam,230409_sungsu_slam_36,,,,outdoor_1_2023-04-09-15-17-57_sync_odom,,,,,,,,,,,4,36,,,,,,,,,,,,,,,,-2_-2_-1_0_-1,1681021143,1681021163,정선,20,,20,100,1,5,500,,,,,,5,준용,,20,,,,
,230409,,,,sungsu_slam,230409_sungsu_slam_37,,,,outdoor_1_2023-04-09-15-17-57_sync_odom,,,,,,,,,,,5,37,,,,,,,,,,,,,,,,-2_-2_-1_0_-1,1681021163,1681021183,정선,20,정호,20,100,1,5,500,x,JH,JH,JH,,5,준용,,20,,,,
,230409,,,,sungsu_slam,230409_sungsu_slam_38,,,,outdoor_1_2023-04-09-15-17-57_sync_odom,,,,,,,,,,,6,38,,,,,,,,,,,,,,,,-2_-2_-1_0_-1,1681021183,1681021203,정선,20,정호,20,100,1,5,500,x,JH,JH,JH,,5,준용,,20,,,,
,230409,,,,sungsu_slam,230409_sungsu_slam_39,,,,outdoor_1_2023-04-09-15-17-57_sync_odom,,,,,,,,,,,7,39,,,,,,,,,,,,,,,,-2_-2_-1_0_-1,1681021203,1681021223,정선,20,,20,100,1,5,500,,,,,,5,준용,,20,,,,
,230409,,,,sungsu_slam,230409_sungsu_slam_40,,,,outdoor_1_2023-04-09-15-17-57_sync_odom,,,,,,,,,,,8,40,,,,,,,,,,,,,,,,-2_-2_-1_0_-1,1681021223,1681021243,정선,20,정호,20,100,1,5,500,x,JH,JH,JH,,5,준용,,20,,,,
,230409,,,,sungsu_slam,230409_sungsu_slam_41,,,,outdoor_1_2023-04-09-15-17-57_sync_odom,,,,,,,,,,,9,41,,,,,,,,,,,,,,,,-2_-2_-1_0_-1,1681021243,1681021263,정선,20,,20,100,1,5,500,,,,,,5,준용,,20,,,,
,230409,,,,sungsu_slam,230409_sungsu_slam_42,,,,outdoor_1_2023-04-09-15-17-57_sync_odom,,,,,,,,,,,10,42,,,,,,,,,,,,,,,,-2_-2_-1_0_-1,1681021263,1681021283,정선,20,,20,100,1,5,500,,,,,,5,준용,,20,,,,
,230409,,,,sungsu_slam,230409_sungsu_slam_43,,,,outdoor_1_2023-04-09-15-17-57_sync_odom,,,,,,,,,,,11,43,,,,,,,,,,,,,,,,-2_-2_-1_0_-1,1681021283,1681021303,정선,20,,20,100,1,5,500,,,,,,5,준용,,20,,,,
,230409,,,,sungsu_slam,230409_sungsu_slam_44,,,,outdoor_1_2023-04-09-15-17-57_sync_odom,,,,,,,,,,,12,44,,,,,,,,,,,,,,,,-2_-2_-1_0_-1,1681021303,1681021323,정선,20,정호,20,100,1,5,500,x,JH,JH,JH,,5,준용,,20,,,,
,230409,,,,sungsu_slam,230409_sungsu_slam_45,,,,outdoor_1_2023-04-09-15-17-57_sync_odom,,,,,,,,,,,13,45,,,,,,,,,,,,,,,,-2_-2_-1_0_-1,1681021323,1681021343,정선,20,정호,20,100,1,5,500,x,JH,JH,JH,,5,준용,,20,,,,
,230409,,,,sungsu_slam,230409_sungsu_slam_46,,,,outdoor_1_2023-04-09-15-17-57_sync_odom,,,,,,,,,,,14,46,,,,,,,,,,,,,,,,-2_-2_-1_0_-1,1681021343,1681021363,정선,20,,20,100,1,5,500,,,,,,5,준용,,20,,,,
,230409,,,,sungsu_slam,230409_sungsu_slam_47,,,,outdoor_1_2023-04-09-15-17-57_sync_odom,,,,,,,,,,,15,47,,,,,,,,,,,,,,,,-2_-2_-1_0_-1,1681021363,1681021383,정선,20,,20,100,1,5,500,,,,,,5,준용,,20,,,,
,230409,,,,sungsu_slam,230409_sungsu_slam_48,,,,outdoor_1_2023-04-09-15-17-57_sync_odom,,,,,,,,,,,16,48,,,,,,,,,,,,,,,,-2_-2_-1_0_-1,1681021383,1681021403,정선,20,정호,20,100,1,5,500,x,JH,JH,JH,,5,준용,,20,,,,
,230409,,,,sungsu_slam,230409_sungsu_slam_49,,,,outdoor_1_2023-04-09-15-17-57_sync_odom,,,,,,,,,,,17,49,,,,,,,,,,,,,,,,-2_-2_-1_0_-1,1681021403,1681021423,정선,20,,20,100,1,5,500,,,,,,5,준용,,20,,,,
,230409,,,,sungsu_slam,230409_sungsu_slam_50,,,,outdoor_1_2023-04-09-15-17-57_sync_odom,,,,,,,,,,,18,50,,,,,,,,,,,,,,,,-2_-2_-1_0_-1,1681021423,1681021443,정선,20,,20,100,1,5,500,,,,,,5,준용,,20,,,,
,230409,,,,sungsu_slam,230409_sungsu_slam_51,,,,outdoor_1_2023-04-09-15-17-57_sync_odom,,,,,,,,,,,19,51,,,,,,,,,,,,,,,,-2_-2_-1_0_-1,1681021443,1681021463,정선,20,정호,20,100,1,5,500,x,JH,JH,JH,,5,준용,,20,,,,
,230409,,,,sungsu_slam,230409_sungsu_slam_52,,,,outdoor_1_2023-04-09-15-17-57_sync_odom,,,,,,,,,,,20,52,,,,,,,,,,,,,,,,-2_-2_-1_0_-1,1681021463,1681021483,정선,20,,20,100,1,5,500,,,,,,5,준용,,20,,,,
,230409,,,,sungsu_slam,230409_sungsu_slam_53,,,,outdoor_1_2023-04-09-15-17-57_sync_odom,,,,,,,,,,,21,53,,,,,,,,,,,,,,,,-2_-2_-1_0_-1,1681021483,1681021503,정선,20,정호,20,100,1,5,500,x,JH,JH,JH,,5,준용,,20,,,,
,230409,,,,sungsu_slam,230409_sungsu_slam_54,,,,outdoor_1_2023-04-09-15-17-57_sync_odom,,,,,,,,,,,22,54,,,,,,,,,,,,,,,,-2_-2_-1_0_-1,1681021503,1681021523,정선,20,,20,100,1,5,500,,,,,,5,준용,,20,,,,
,230409,,,,sungsu_slam,230409_sungsu_slam_55,,,,outdoor_1_2023-04-09-15-17-57_sync_odom,,,,,,,,,,,23,55,,,,,,,,,,,,,,,,-2_-2_-1_0_-1,1681021523,1681021543,정선,20,,20,100,1,5,500,,,,,,5,준용,,-,1681021534,,,
,230409,,,,sungsu_slam,230409_sungsu_slam_56,,,,outdoor_1_2023-04-09-15-17-57_sync_odom,,,,,,,,,,,24,56,,,,,,,,,,,,,,,,-2_-2_-1_0_-1,1681021543,1681021563,정선,20,,20,100,1,5,500,,,,,,5,준용,,-,1681021548,,,
,230409,,,,sungsu_slam, 230409_sungsu_slam_57,,,,outdoor_1_2023-04-09-15-17-57_sync_odom,,,,,,,,,,,25,57,,,,,,,,,,,,,,,,-2_-2_-1_0_-1,1681021563,1681021583,정선,20,정호,20,100,1,5,500,x,JH,JH,JH,,5,준용,,21,,,,
,230409,,,,sungsu_slam,230409_sungsu_slam_58,,,,outdoor_1_2023-04-09-15-17-57_sync_odom,,,,,,,,,,,26,58,,,,,,,,,,,,,,,,-2_-2_-1_0_-1,1681021583,1681021603,정선,20,정호,20,100,1,5,500,x,JH,JH,JH,,5,준용,,심함,1681021596,,,
,230409,,,,sungsu_slam,230409_sungsu_slam_59,,,,outdoor_1_2023-04-09-15-17-57_sync_odom,,,,,,,,,,,27,59,,,,,,,,,,,,,,,,-2_-2_-1_0_-1,1681021603,1681021623,정선,20,,20,100,1,5,500,,,,,,5,준용,,22,,,,
,230409,,,,sungsu_slam,230409_sungsu_slam_60,,,,outdoor_1_2023-04-09-15-17-57_sync_odom,,,,,,,,,,,28,60,,,,,,,,,,,,,,,,-2_-2_-1_0_-1,1681021623,1681021643,정선,20,정호,20,100,1,5,500,x,JH,JH,JH,,5,준용,,22,,,,
,230409,,,,sungsu_slam,230409_sungsu_slam_61,,,,outdoor_1_2023-04-09-15-17-57_sync_odom,,,,,,,,,,,29,61,,,,,,,,,,,,,,,,-2_-2_-1_0_-1,1681021643,1681021663,정선,20,,20,100,1,5,500,,,,,,5,준용,,22,,,,
,230409,,,,sungsu_slam,230409_sungsu_slam_62,,,,outdoor_1_2023-04-09-15-17-57_sync_odom,,,,,,,,,,,30,62,,,,,,,,,,,,,,,,-2_-2_-1_0_-1,1681021663,1681021683,정선,20,,20,100,1,5,500,,,,,,5,준용,,22,,,,
,230409,,test,CR,sungsu_slam,230409_sungsu_slam_63,,,,outdoor_1_2023-04-09-15-17-57_sync_odom,Crossroad_3,Crossroad_3,Crossroad_1,Crossroad,,o,o,o,o,1,31,63,,o,done,12880,8451,8451,,train,train,train,train,8451,0,0,,-2_-2_-1_0_-1,1681021683,1681021703,정선,20,정호,20,100,1,5,500,,JH,JH,JH,,5,준용,,22,,,,
,230409,,,,sungsu_slam,230409_sungsu_slam_64,,,,outdoor_1_2023-04-09-15-17-57_sync_odom,,,,,,,,,,,32,64,,,,,,,,,,,,,,,,-2_-2_-1_0_-1,1681021703,1681021723,정선,20,,20,100,1,5,500,,,,,,5,준용,,22,,,,
,230409,,,,sungsu_slam,230409_sungsu_slam_65,,,,outdoor_1_2023-04-09-15-17-57_sync_odom,,,,,,,,,,,33,65,,,,,,,,,,,,,,,,-2_-2_-1_0_-1,1681021723,1681021743,정선,20,정호,20,100,1,5,500,,JH,JH,JH,,5,준용,,22,,,,
,230409,,,,sungsu_slam,230409_sungsu_slam_66,,,,outdoor_1_2023-04-09-15-17-57_sync_odom,,,,,,,,,,,34,66,,,,,,,,,,,,,,,,-2_-2_-1_0_-1,1681021743,1681021763,정선,20,,20,100,1,5,500,x,,,,,5,준용,,22,,,,
,,,,,sungsu,_sungsu_,,,,,,,,,,,,,4,,,,,,10,,51925,22137,,,,,,,,,,,,,,,,,,,,,,,,,,,,,-,,,,
,230409,,,,sungsu_2,230409_sungsu_2_,,,,outdoor_1_2023-04-09-16-11-37_sync_odom,,,,,,,,,,,,,,,,,,,,,,,,,,,,-1_-2_-2_0_-1,1681024310,1681024590,정선,,,280,1400,14,53,74200,,,,,,53,찬혁,,-,,,,
,230409,,,,sungsu_2,230409_sungsu_2_1,,,,outdoor_1_2023-04-09-16-11-37_sync_odom,,,,,,,,,,, ,1,,,,,,,,,,,,,,,,-1_-2_-2_0_-1,1681024310,1681024330,정선,20,,20,100,1,53,5300,,,,,,53,찬혁,,23,,,,
,230409,,,,sungsu_2,230409_sungsu_2_2,,,,outdoor_1_2023-04-09-16-11-37_sync_odom,,,,,,,,,,,2,2,,,,,,,,,,,,,,,,-1_-2_-2_0_-1,1681024330,1681024350,정선,20,정선,20,100,1,53,5300,x,JH,JH,JH,,53,찬혁,,23,,,,
,230409,,,,sungsu_2,230409_sungsu_2_3,,,,outdoor_1_2023-04-09-16-11-37_sync_odom,,,,,,,,,,,3,3,,,,,,,,,,,,,,,,-1_-2_-2_0_-1,1681024350,1681024370,정선,20,정선,20,100,1,53,5300,x,JH,JH,JH,,53,찬혁,,-,1681024359,,,
,230409,,,,sungsu_2,230409_sungsu_2_4,,,,outdoor_1_2023-04-09-16-11-37_sync_odom,,,,,,,,,,,4,4,,,,,,,,,,,,,,,,-1_-2_-2_0_-1,1681024370,1681024390,정선,20,정선,20,100,1,53,5300,x,JH,JH,JH,X,53,찬혁,,24,,,,
,230409,,,,sungsu_2,230409_sungsu_2_5,,,,outdoor_1_2023-04-09-16-11-37_sync_odom,,,,,,,,,,,5,5,,,,,,,,,,,,,,,,-1_-2_-2_0_-1,1681024390,1681024410,정선,20,정선,20,100,1,53,5300,x,JH,JH,JH,X,53,찬혁,,24,,,,
,230409,,,,sungsu_2,230409_sungsu_2_6,,,,outdoor_1_2023-04-09-16-11-37_sync_odom,,,,,,,,,,,6,6,,,,,,,,,,,,,,,,-1_-2_-2_0_-1,1681024410,1681024430,정선,20,정선,20,100,1,53,5300,x,JH,JH,JH,,53,찬혁,,-,1681024415,,,
,230409,,,,sungsu_2,230409_sungsu_2_7,,,,outdoor_1_2023-04-09-16-11-37_sync_odom,,,,,,,,,,,7,7,,,,,,,,,,,,,,,,-1_-2_-2_0_-1,1681024430,1681024450,정선,20,정선,20,100,1,53,5300,x,JH,JH,JH,,53,찬혁,,-,1681024443,,,
,230409,,,,sungsu_2,230409_sungsu_2_8,,,,outdoor_1_2023-04-09-16-11-37_sync_odom,,,,,,,,,,,8,8,,,,,,,,,,,,,,,,-1_-2_-2_0_-1,1681024450,1681024470,정선,20,,20,100,1,53,5300,,,,,,53,찬혁,,25,,,,
,230409,,,,sungsu_2,230409_sungsu_2_9,,,,outdoor_1_2023-04-09-16-11-37_sync_odom,,,,,,,,,,,9,9,,,,,,,,,,,,,,,,-1_-2_-2_0_-1,1681024470,1681024490,정선,20,,20,100,1,53,5300,,,,,,53,찬혁,,-,1681024480,,,
,230409,,train,CR,sungsu_2,230409_sungsu_2_10,,,,outdoor_1_2023-04-09-16-11-37_sync_odom,Cafe_street_1,Cafe_street_1,,,,,,,,,10,10,,o,ing,4483,3343,3343,,,,test,test,0,0,3343,,-1_-2_-2_0_-1,1681024490,1681024510,정선,20,정선,20,100,1,53,5300,,JH,JH,JH,,53,찬혁,,26,,,,
,230409,,,,sungsu_2,230409_sungsu_2_11,,,,outdoor_1_2023-04-09-16-11-37_sync_odom,,,,,,,,,,,11,11,,,,,,,,,,,,,,,,-1_-2_-2_0_-1,1681024510,1681024530,정선,20,,20,100,1,53,5300,,,,,,53,찬혁,,26,,,,
,230409,,,,sungsu_2,230409_sungsu_2_12,,,,outdoor_1_2023-04-09-16-11-37_sync_odom,,,,,,,,,,,12,12,,,,,,,,,,,,,,,,-1_-2_-2_0_-1,1681024530,1681024550,정선,20,,20,100,1,53,5300,,,,,,53,찬혁,,-,1681024547,,,
,230409,,,,sungsu_2,230409_sungsu_2_13,,,,outdoor_1_2023-04-09-16-11-37_sync_odom,,,,,,,,,,,13,13,,,,,,,,,,,,,,,,-1_-2_-2_0_-1,1681024550,1681024570,정선,20,정선,20,100,1,53,5300,x,JH,JH,JH,,53,찬혁,,27,,,,
,230409,,,,sungsu_2,230409_sungsu_2_14,,,,outdoor_1_2023-04-09-16-11-37_sync_odom,,,,,,,,,,,14,14,,,,,,,,,,,,,,,,-1_-2_-2_0_-1,1681024570,1681024590,정선,20,,20,100,1,53,5300,x,,,,,53,찬혁,,27,,,,
,230409,,,,sungsu_2,230409_sungsu_2_,,,,outdoor_1_2023-04-09-16-24-23_sync_odom,,,,,,,,,,,,,,,,,,,,,,,,,,,,0_0_-1_0_0,1681025070,1681025274,정선,,,204,1020,10,18,18000,,,,,,18,찬혁,,-,,,,
sync pb(47),230409,,,,sungsu_2,230409_sungsu_2_15,,,,outdoor_1_2023-04-09-16-24-23_sync_odom,,,,,,,,,,,1,15,,,,,,,,,,,,,,,,0_0_-1_0_0,1681025070,1681025090,정선,20,,20,100,1,18,1800,x,,,,,18,,,27,,,,
,230409,,val,Lab,sungsu_2,230409_sungsu_2_16,,,o,outdoor_1_2023-04-09-16-24-23_sync_odom,Cafe_street_2,Cafe_street_2,Cafe_street_1,Cafe_street,,o,o,cu,o,1,2,16,,o,ing,8468,5431,5431,,train,train,train,train,5431,0,0,,0_0_-1_0_0,1681025090,1681025110,정선,20,정선,20,100,1,18,1800,,JH,JH,JH,X,18,,,27,,,,
,230409,,,,sungsu_2,230409_sungsu_2_17,,,,outdoor_1_2023-04-09-16-24-23_sync_odom,,,,,,,,,,,3,17,,,,,,,,,,,,,,,,0_0_-1_0_0,1681025110,1681025130,정선,20,,20,100,1,18,1800,x,,,,,18,,,27,,,,
,230409,,,,sungsu_2,230409_sungsu_2_18,,,,outdoor_1_2023-04-09-16-24-23_sync_odom,,,,,,,,,,,4,18,,,,,,,,,,,,,,,,0_0_-1_0_0,1681025130,1681025150,정선,20,정선,20,100,1,18,1800,x,JH,JH,JH,X,18,,,27,,,,
,230409,,test,RR,sungsu_2,230409_sungsu_2_19,,,o,outdoor_1_2023-04-09-16-24-23_sync_odom,Cafe_street_3,Cafe_street_3,,,,,,,,,5,19,,o,ing,10309,7334,7334,,,,train,train,7334,0,0,,0_0_-1_0_0,1681025150,1681025170,정선,20,찬혁,20,100,1,18,1800,,JH,JH,JH,,18,,,27,,,,
,230409,,,,sungsu_2,230409_sungsu_2_20,,,,outdoor_1_2023-04-09-16-24-23_sync_odom,,,,,,,,,,,6,20,,,,,,,,,,,,,,,,0_0_-1_0_0,1681025170,1681025190,정선,20,찬혁,20,100,1,18,1800,x,JH,JH,JH,,18,,,27,,,,
,230409,,train,CR,sungsu_2,230409_sungsu_2_21,,,o,outdoor_1_2023-04-09-16-24-23_sync_odom,Cafe_street_4,Cafe_street_4,Cafe_street_2,Cafe_street,,o,o,re,o,2,7,21,,o,ing,4214,2283,2283,,val,train,val,val,0,2283,0,,0_0_-1_0_0,1681025190,1681025210,정선,20,찬혁,20,100,1,18,1800,,JH,JH,JH,,18,,,27,,,,
,230409,,,,sungsu_2,230409_sungsu_2_22,,,,outdoor_1_2023-04-09-16-24-23_sync_odom,,,,,,,,,,,8,22,,,,,,,,,,,,,,,,0_0_-1_0_0,1681025210,1681025230,정선,20,찬혁,20,100,1,18,1800,x,JH,JH,JH,,18,,,-,,,,
,230409,,train,,sungsu_2,230409_sungsu_2_23,,,o,outdoor_1_2023-04-09-16-24-23_sync_odom,Cafe_street_5,Cafe_street_5,,,,,,,,,9,23,,,labeling,3318,2555,,,,,,train,2555,0,0,,0_0_-1_0_0,1681025230,1681025250,정선,20,찬혁,20,100,1,18,1800,,JH,JH,JH,,18,,,28,,,,
,,,,,sungsu_2,_sungsu_2_,,,,,,,,,,40,,,2,,,,,,5,,20946,18391,,,,,,,,,,,,,,,,,,,,,,,,,,,,,,,,,
,,,,,,,,,,,,,,,,,,,,,,,,49,84,,172826,129702,,,,,,96231,26876,23130,,,,,,,,,,,,,,,,,,,,,,,,,
,,,train split: 41,,,,,,,,,,,,,,,,,,,,,,o,,,,,,,train split: 31,train split: 40,,,,,,,,,,,,,,,,,,,,,,,,,,,,
,,,val split: 11,,,,,,,,,,,,,,,,,,,,,,o,,,,,,,val split: 10,val split: 11,,,,,,,,,,,,,,,,,,,,,,,,,,,,
,,,test split: 11,,,,,,,,,,,,,,,,,,,,,,o,,,,,,,test split: 9,test split: 12,,,,,,,,,,,,,,,,,,,,,,,,,,,,
,230207,,,,2exit,230207_2exit_1,,,,total_2023-02-07-10-06-50,,,,,,,,,,,1,1,,,,,,,,,,,,,,,,-3_-3_1_1_-1,1675732129,1675732149,,20,,,,,,,,,,,,,,_re-_toptimesync_1_3_0_7_-3_-3_0_1_-1_offset_0_0_1_-1_0_offset_5hz_5hz,1j,,,,
,230207,,,,2exit,230207_2exit_2,,,,total_2023-02-07-10-15-30,,,,,,,,,,,2,2,,,-,,1464,,,,,,,,,,,-2_-2_0_0_0,1675732555,1675732575,,20,,,,,,,,,,,,,,_re-_toptimesync_0_1_12_10_-2_-2_0_1_0_offset_0_0_0_-1_0_offset_5hz,2j,,,,
,230209,,,,2exit,230209_2exit_3,,,,outdoor_1_2023-02-09-09-14-07,,,,,,,,,,,3,3,,,,,,,,,,,,,,,,-3_-3_5_5_-1,1675901675,1675901695,,20,,,,,,,,,,,,,,_re-_toptimesync_0_1_0_8_-3_-3_5_6_-1_offset_5hz,3j,,,,
,230209,,,,2exit,230209_2exit_4,,,,outdoor_1_2023-02-09-09-23-59,,,,,,,,,,,4,4,,,,,,,,,,,,,,,,-2_-2_4_4_-1,1675902363,1675902383,,20,,,,,,,,,,,,,,_re-_toptimesync_2_1_0_8_-2_-2_4_5_-1_offset_5hz,4j,,,,
,230207,,,,2exit,230207_2exit_5,,,,total_2023-02-07-10-15-30,,,,,,,,,,,5,5,,,,,,,,,,,,,,,,-2_-2_0_0_0,1675732593,1675732613,,20,,,,,,,,,,,,,,_re-_toptimesync_0_2_0_7_-2_-2_0_1_0_offset_5hz,2j,,,,
,230207,,,,3way,230207_3way_1,,,,total_2023-02-07-13-16-13,,,,,,,,,,,1,1,,,,,,,,,,,,,,,,0_0_-2_-2_0,1675743444,1675743464,,20,,,,,,,,,,,,,,_re-_toptimesync_2_1_1_7_0_0_-2_-2_0_offset_5hz,5j,,,,
,230211,,,,3way,230211_3way_2,,,,outdoor_1_2023-02-11-15-39-13,,,,,,,,,,,2,2,,,,,,,,,,,,,,,,0_0_-12_-11_0,1676097617,1676097637,,20,,,,,,,,,,,,,,_re-_toptimesync_2_1_1_7_0_0_-12_-11_0_offset_5hz,6j,,,,
,230211,,,,3way,230211_3way_3,,,,outdoor_1_2023-02-11-15-39-13,,,,,,,,,,,3,3,,,,,,,,,,,,,,,,0_0_-12_-11_0,1676097836,1676097856,,20,,,,,,,,,,,,,,_re-_toptimesync_2_1_1_9_0_0_-12_-11_0_offset_5hz,6j,,,,
,230211,,,,3way,230211_3way_4,,,,outdoor_1_2023-02-11-15-45-21,,,,,,,,,,,4,4,,,,,,,,,,,,,,,,-1_0_-11_-11_0,1676097950,1676097970,,20,,,,,,,,,,,,,,_re-_toptimesync_1_1_1_8_-1_0_-11_-11_0_offset_5hz,1676097951,,,,
,230207,,,,3way,230207_3way_5,,,,total_2023-02-07-13-16-13,,,,,,,,,,,5,5,,,,,,,,,,,,,,,,0_0_-2_-2_0,1675743518,1675743538,,20,,,,,,,,,,,,,,_re-_toptimesync_12_1_13_8_0_0_-2_-2_0_offset_5hz,7j,,,,
,230208,,,,hanyang_plz,230208_hanyang_plz_1,,,,indoor_2023-02-08-16-03-01,,,,,,,,,,,1,1,,,,,,,,,,,,,,,,0_1_-1_-1_-1,1675839800,1675839820,,20,,,,,,,,,,,,,,_toptimesync_2_2_0_42sec_0_1_-1_-1_-1_offset_5hz,8j,,,,
,230208,,,,hanyang_plz,230208_hanyang_plz_2,,,,indoor_2023-02-08-16-04-04,,,,,,,,,,,2,2,,,,,,,,,,,,,,,,0_1_-1_-1_-2,1675839860,1675839880,,20,,,,,,,,,,,,,,_toptimesync_2_2_0_38sec_0_1_-1_-1_-2_offset_5hz,8j,,,,
,230208,,,,hanyang_plz,230208_hanyang_plz_3,,,,indoor_2023-02-08-16-00-52,,,,,,,,,,,3,3,,,,,,,,,,,,,,,,1_1_0_-1_-1,1675839656,1675839676,,20,,,,,,,,,,,,,,_toptimesync_0_3_0_10sec_5hz,8j,,,,
,230208,,,,hanyang_plz,230208_hanyang_plz_4,,,,indoor_2023-02-08-16-00-52,,,,,,,,,,,4,4,,,,,,,,,,,,,,,,0_1_-1_0_-1,1675839740,1675839760,,20,,,,,,,,,,,,,,_toptimesync_2_1_0_17sec_5hz,8j,,,,
,230208,,,,hanyang_plz,230208_hanyang_plz_5,,,,indoor_2023-02-08-16-17-47,,,,,,,,,,,5,5,,,,,,,,,,,,,,,,1_1_6_6_-1,1675840678,1675840698,,20,,,,,,,,,,,,,,_toptimesync_2_2_0_33sec_0_0_7_7_0_offset_5hz,8j,,,,
,230209,,,,hanyang_woman,230209_hanyang_woman_1,,,,indoor_1_2023-02-09-11-54-58,,,,,,,,,,,1,1,,,,,,,,,,,,,,,,1_0_0_0_-1,1675911362,1675911382,,20,,,,,,,,,,,,,,_12_1_0_24sec_1_0_0_0_-2_offset_5hz,9j,,,,
,230209,,,,hanyang_woman,230209_hanyang_woman_2,,,,indoor_1_2023-02-09-12-05-15,,,,,,,,,,,2,2,,,,,,,,,,,,,,,,9_9_0_1_-1,1675911960,1675911980,,20,,,,,,,,,,,,,,_12_2_0_28sec_9_9_0_1_-1_offset_5hz,9j,,,,
,230209,,,,hanyang_woman,230209_hanyang_woman_3,,,,indoor_1_2023-02-09-11-49-45,,,,,,,,,,,3,3,,,,,,,,,,,,,,,,0_0_0_1_-1,1675910990,1675911010,,20,,,,,,,,,,,,,,_12_3_0_26sec_0_0_0_1_-1_offset_5hz,9j,,,,
,230209,,,,hanyang_woman,230209_hanyang_woman_4,,,,indoor_1_2023-02-09-11-54-58,,,,,,,,,,,4,4,,,,,,,,,,,,,,,,1_1_0_0_-1,1675911391,1675911411,,20,,,,,,,,,,,,,,_12_1_0_20sec_1_1_0_0_-1_offset_5hz,9j,,,,
,230209,,,,hanyang_woman,230209_hanyang_woman_5,,,,indoor_1_2023-02-09-12-05-15,,,,,,,,,,,5,5,,,,,,,,,,,,,,,,9_9_0_1_-1,1675912109,1675912129,,20,,,,,,,,,,,,,,_12_2_0_29sec,9j,,,,
,230209,,,,inter,230209_inter_1,,,,indoor_1_2023-02-09-09-59-42,,,,,,,,,,,1,1,,,,,,,,,,,,,,,,-3_-2_2_3_-1,1675904389,1675904409,,20,,,,,,,,,,,,,,_12_3_0_23sec_-3_-2_2_3_-1_offset_5hz,10j,,,,
,230209,,,,inter,230209_inter_2,,,,indoor_1_2023-02-09-10-01-31,,,,,,,,,,,2,2,,,,,,,,,,,,,,,,-3_-2_2_2_-2,1675904500,1675904520,,20,,,,,,,,,,,,,,_12_3_0_16sec_-2_-2_0_0_-1_offset_5hz,10j,,,,
,230209,,,,inter,230209_inter_3,,,,indoor_1_2023-02-09-09-56-52,,,,,,,,,,,3,3,,,-,,577,,,,,,,,,,,-3_-2_2_2_-2,1675904236,1675904256,,20,,,,,,,,,,,,,,_12_1_0_37sec_-2_-2_2_2_0_offset_5hz,10j,,,,
,230209,,,,inter,230209_inter_4,,,,indoor_1_2023-02-09-09-56-52,,,,,,,,,,,4,4,,,,,,,,,,,,,,,,-3_-2_2_2_-2,1675904280,1675904300,,20,,,,,,,,,,,,,,_12_2_0_42sec_-4_-2_3_3_0_offset_5hz,10j,,,,
,230209,,,,inter,230209_inter_5,,,,indoor_1_2023-02-09-10-01-31,,,,,,,,,,,5,5,,,,,,,,,,,,,,,,-3_-2_2_2_-2,1675904527,1675904547,,20,,,,,,,,,,,,,,_12_3_0_27sec_-3_-2_1_2_0_offset_5hz,10j,,,,
,230211,,,,sungsu_alley,230211_sungsu_alley_1,,,,outdoor_1_2023-02-11-13-17-59,,,,,,,,,,,1,1,,,,,,,,,,,,,,,,2_1_-7_-6_0,1676089301,1676089321,,20,,,,,,,,,,,,,,_123_1_1_28sec_2_2_-6_-6_0_offset_0_-1_-1_0_0_offset_5hz,11j,,,,
,230211,,,,sungsu_alley,230211_sungsu_alley_2,,,,outdoor_1_2023-02-11-13-23-11,,,,,,,,,,,2,2,,,,,,,,,,,,,,,,2_2_-6_-5_0,1676089420,1676089440,,20,,,,,,,,,,,,,,_123_1_13_24sec_2_2_-6_-6_0_offset_0_0_0_1_0_offset_5hz,12j,,,,
,230211,,,,sungsu_alley,230211_sungsu_alley_3,,,,outdoor_1_2023-02-11-13-14-28,,,,,,,,,,,3,3,,,,,,,,,,,,,,,,2_2_-7_-7_0,1676088928,1676088948,,20,,,,,,,,,,,,,,_123_1_13_20sec_2_2_-6_-6_0_offset_5hz,13j,,,,
,230211,,,,sungsu_alley,230211_sungsu_alley_4,,,,outdoor_1_2023-02-11-13-14-28,,,,,,,,,,,4,4,,,,,,,,,,,,,,,,2_2_-7_-7_0,1676088967,1676088987,,20,,,,,,,,,,,,,,_123_2_13_24sec_2_2_-6_-6_0_offset_5hz,13j,,,,
,230211,,,,sungsu_alley,230211_sungsu_alley_5,,,,outdoor_1_2023-02-11-13-26-49,,,,,,,,,,,5,5,,,,,,,,,,,,,,,,2_2_-7_-6_0,1676089663,1676089683,,20,,,,,,,,,,,,,,_123_1_123_22sec_2_2_-6_-6_0_offset_5hz,14j,,,,
,230211,,,,sungsu_cross,230211_sungsu_cross_1,,,,outdoor_1_2023-02-11-13-23-11,,,,,,,,,,,1,1,,,,,,,,,,,,,,,,2_2_-6_-5_0,1676089470,1676089490,,20,,,,,,,,,,,,,,_123_1_123_26sec_2_2_-6_-6_0_offset_0_0_0_1_0_offset_5hz,1676089476,,,,
,230211,,,,sungsu_cross,230211_sungsu_cross_2,,,,outdoor_1_2023-02-11-13-26-49,,,,,,,,,,,2,2,,,,,,,,,,,,,,,,2_2_-6_-6_0,1676089615,1676089635,,20,,,,,,,,,,,,,,_123_1_12_33sec_2_2_-6_-6_0_offset_0_0_0_0_0_offset_5hz,14j,,,,
,230211,,,,sungsu_cross,230211_sungsu_cross_3,,,,outdoor_1_2023-02-11-13-12-44,,,,,,,,,,,3,3,,,,,,,,,,,,,,,,2_2_-6_-6_0,1676088766,1676088786,,20,,,,,,,,,,,,,,_123_1_1_20sec_2_2_-6_-6_0_offset_5hz,15j,,,,
,230211,,,,sungsu_cross,230211_sungsu_cross_4,,,,outdoor_1_2023-02-11-13-17-59,,,,,,,,,,,4,4,,,,,,,,,,,,,,,,1_1_-6_-6_0,1676089143,1676089163,,20,,,,,,,,,,,,,,_12_1_12_36sec_2_2_-6_-6_0_offset_5hz,16j,,,,
,230211,,,,sungsu_cross,230211_sungsu_cross_5,,,,outdoor_1_2023-02-11-13-26-49,,,,,,,,,,,5,5,,,,,,,,,,,,,,,,2_2_-7_-7_0,1676089731,1676089751,,20,,,,,,,,,,,,,,_123_1_123_19sec_2_2_-6_-6_0_offset_5hz,14j,,,,
,,,,,,,,,,,,,,,,,,,,,,,,,70-20,,,,,,,,,,,,,,,,,,,,,,,,,,,,,,,,,,,,